N,AVL,Rubro-Negra,ArvoreB1,ArvoreB5,ArvoreB10
1,4,3
2,8,7
3,18,11
4,25,19
5,26,30
6,42,38
7,49,45
8,61,49
9,67,45
10,73,68
11,97,81
12,100,94
13,96,77
14,108,109
15,123,86
16,146,125
17,145,121
18,170,160
19,174,150
20,197,188
21,210,149
22,215,182
23,237,195
24,267,204
25,255,185
26,247,223
27,298,212
28,275,225
29,303,269
30,297,231
31,344,223
32,340,263
33,358,261
34,349,253
35,394,277
36,404,309
37,434,275
38,406,325
39,434,320
40,455,338
41,434,334
42,451,316
43,465,365
44,489,358
45,507,359
46,560,427
47,557,332
48,541,371
49,545,410
50,596,396
51,629,399
52,642,430
53,633,404
54,669,445
55,642,467
56,662,473
57,660,483
58,730,513
59,713,463
60,706,437
61,703,490
62,750,525
63,807,514
64,795,528
65,815,535
66,803,521
67,786,577
68,845,574
69,926,611
70,894,565
71,884,662
72,908,606
73,835,562
74,919,557
75,927,568
76,971,666
77,1027,609
78,988,603
79,967,679
80,1044,713
81,1013,678
82,1035,651
83,1088,718
84,1059,751
85,1105,719
86,1142,748
87,1110,779
88,1153,720
89,1165,763
90,1183,689
91,1195,780
92,1218,720
93,1261,776
94,1183,753
95,1305,842
96,1283,837
97,1335,809
98,1305,853
99,1270,781
100,1327,879
101,1326,861
102,1333,899
103,1375,858
104,1368,894
105,1471,913
106,1439,925
107,1502,902
108,1394,913
109,1469,915
110,1496,809
111,1533,925
112,1486,925
113,1507,884
114,1552,1068
115,1614,1047
116,1595,963
117,1618,1032
118,1556,1046
119,1751,1062
120,1577,935
121,1620,1092
122,1766,1102
123,1711,1079
124,1741,976
125,1690,1009
126,1733,1107
127,1752,1039
128,1758,1074
129,1811,1184
130,1842,1035
131,1835,1185
132,1777,1191
133,1839,1146
134,1919,1137
135,1895,1170
136,1976,1182
137,1927,1216
138,1982,1214
139,1957,1098
140,1935,1193
141,1947,1142
142,2030,1267
143,2033,1250
144,1959,1413
145,2049,1218
146,2060,1262
147,2068,1287
148,2129,1362
149,2134,1309
150,2154,1293
151,2247,1291
152,2168,1323
153,2260,1224
154,2179,1331
155,2182,1332
156,2153,1397
157,2186,1327
158,2244,1305
159,2244,1300
160,2254,1396
161,2324,1370
162,2367,1313
163,2347,1427
164,2212,1351
165,2424,1379
166,2427,1452
167,2418,1497
168,2424,1395
169,2464,1478
170,2491,1405
171,2407,1440
172,2433,1417
173,2419,1460
174,2575,1466
175,2580,1557
176,2653,1489
177,2561,1508
178,2638,1461
179,2616,1503
180,2718,1571
181,2577,1511
182,2730,1603
183,2719,1564
184,2687,1643
185,2773,1641
186,2809,1622
187,2758,1615
188,2778,1702
189,2757,1578
190,2813,1534
191,2838,1677
192,2815,1623
193,2837,1758
194,2894,1565
195,2935,1846
196,2834,1672
197,2913,1680
198,2892,1626
199,2999,1555
200,3087,1841
201,3034,1760
202,2966,1804
203,2981,1738
204,3088,1867
205,3023,1835
206,3028,1762
207,3127,1772
208,3179,1805
209,3160,1800
210,3151,1939
211,3207,1761
212,3174,1672
213,3250,1787
214,3129,1785
215,3217,1812
216,3231,1853
217,3250,1894
218,3329,1736
219,3405,1857
220,3469,1994
221,3341,1900
222,3458,1949
223,3454,2089
224,3329,1909
225,3561,1949
226,3465,1942
227,3616,1908
228,3351,2032
229,3565,2028
230,3416,2017
231,3646,1964
232,3503,2032
233,3468,2011
234,3539,1942
235,3675,2132
236,3723,1987
237,3668,1972
238,3631,2085
239,3545,2000
240,3644,2101
241,3783,2102
242,3681,2056
243,3756,2183
244,3742,2197
245,3692,2104
246,3746,2198
247,3846,2114
248,3778,2078
249,3797,2152
250,3812,2258
251,3966,2163
252,3910,2223
253,3854,2219
254,3940,2249
255,3895,2189
256,4067,2336
257,3972,2287
258,3905,2221
259,4001,2309
260,4082,2416
261,4074,2192
262,4096,2293
263,4194,2398
264,4046,2388
265,4193,2285
266,4158,2362
267,4175,2282
268,4215,2319
269,4256,2335
270,4316,2339
271,4150,2365
272,4252,2359
273,4206,2388
274,4263,2360
275,4427,2372
276,4386,2310
277,4621,2461
278,4429,2485
279,4289,2469
280,4465,2402
281,4339,2415
282,4465,2322
283,4516,2573
284,4487,2488
285,4507,2549
286,4502,2422
287,4389,2385
288,4591,2608
289,4580,2460
290,4540,2624
291,4562,2482
292,4584,2484
293,4725,2577
294,4711,2491
295,4687,2551
296,4672,2624
297,4715,2764
298,4861,2780
299,4674,2457
300,4782,2568
301,4858,2577
302,4787,2627
303,4868,2642
304,4784,2577
305,4804,2667
306,4833,2770
307,4863,2561
308,4956,2636
309,4911,2838
310,4956,2755
311,4823,2676
312,4930,2704
313,4999,2832
314,4989,2740
315,5097,2843
316,5000,2717
317,5100,2709
318,5051,2765
319,5125,2781
320,5125,2709
321,5119,2717
322,5237,2803
323,5132,2890
324,5198,2573
325,5138,2979
326,5287,2732
327,5290,2841
328,5200,2896
329,5316,2906
330,5323,2994
331,5329,2921
332,5484,2864
333,5310,3020
334,5503,2955
335,5369,2895
336,5341,2871
337,5334,2903
338,5399,3044
339,5525,3000
340,5611,2873
341,5591,2906
342,5413,2911
343,5517,3001
344,5577,3024
345,5514,2935
346,5545,2980
347,5556,3115
348,5644,3188
349,5585,3060
350,5655,3117
351,5742,3129
352,5707,3041
353,5613,2994
354,5808,3077
355,5917,2990
356,5706,3235
357,5793,3170
358,5755,3089
359,5903,2923
360,5850,3145
361,5919,3091
362,6011,3068
363,6135,3109
364,5918,3230
365,5852,3221
366,5979,3092
367,6083,3192
368,5961,3289
369,6019,3130
370,6233,3166
371,6142,3166
372,5954,3215
373,6210,3246
374,6159,3327
375,6035,3311
376,6106,3426
377,6297,3377
378,6186,3199
379,6230,3363
380,6228,3357
381,6295,3323
382,6266,3420
383,6334,3215
384,6374,3504
385,6387,3382
386,6374,3233
387,6355,3547
388,6307,3384
389,6447,3399
390,6391,3380
391,6432,3404
392,6434,3429
393,6441,3461
394,6482,3426
395,6589,3372
396,6584,3608
397,6463,3480
398,6612,3539
399,6677,3392
400,6609,3516
401,6493,3453
402,6626,3479
403,6738,3511
404,6705,3456
405,6610,3435
406,6766,3696
407,6691,3636
408,6738,3457
409,6704,3707
410,6780,3574
411,6670,3498
412,6845,3715
413,6822,3517
414,6998,3482
415,6834,3623
416,6829,3449
417,6805,3669
418,6949,3532
419,6899,3680
420,6990,3690
421,6923,3749
422,6847,3835
423,7056,3703
424,7028,3865
425,7083,3442
426,7165,3703
427,7210,3791
428,7345,3791
429,7090,3813
430,7285,3678
431,7229,3719
432,7221,3851
433,7054,3748
434,7323,3822
435,7362,3668
436,7314,3689
437,7326,3751
438,7378,3751
439,7356,3841
440,7346,3757
441,7377,3893
442,7414,3909
443,7392,3987
444,7562,3912
445,7329,3799
446,7502,3889
447,7488,4043
448,7412,3918
449,7436,3853
450,7502,4030
451,7629,3932
452,7467,3904
453,7658,3904
454,7673,3985
455,7717,4081
456,7548,4167
457,7795,4127
458,7711,4030
459,7459,3829
460,7737,4099
461,7958,4128
462,7803,3905
463,7774,3830
464,7799,4057
465,7860,4000
466,7800,4043
467,7805,4077
468,7815,3977
469,7659,4056
470,8048,4139
471,7938,4132
472,8031,4017
473,7945,4065
474,8028,4215
475,8006,4176
476,8300,4080
477,8146,4220
478,8116,4143
479,8114,4148
480,8128,4190
481,8024,4275
482,8114,4150
483,8156,4161
484,8312,4138
485,8202,4337
486,8432,4291
487,8341,4397
488,8396,4506
489,8369,4205
490,8396,4138
491,8358,4305
492,8433,4146
493,8608,4191
494,8506,4222
495,8306,4270
496,8375,4297
497,8445,4468
498,8485,4381
499,8643,4379
500,8467,4234
501,8568,4412
502,8501,4348
503,8586,4436
504,8752,4481
505,8729,4502
506,8842,4290
507,8505,4504
508,8535,4483
509,8613,4525
510,8726,4276
511,8681,4373
512,8768,4476
513,8688,4366
514,8744,4527
515,8953,4487
516,8876,4555
517,8980,4585
518,8778,4667
519,8720,4518
520,8932,4713
521,8901,4569
522,8863,4459
523,8891,4766
524,9005,4551
525,9037,4603
526,9000,4628
527,9279,4439
528,9143,4660
529,9168,4628
530,9226,4814
531,9133,4585
532,9237,4688
533,8996,4596
534,9225,4752
535,9156,4464
536,9191,4763
537,9155,4784
538,9102,4679
539,9246,4882
540,9151,4669
541,9234,4657
542,9397,4858
543,9227,4791
544,9603,4722
545,9507,4805
546,9621,4799
547,9426,4650
548,9636,4898
549,9443,4651
550,9383,4913
551,9515,4907
552,9628,4915
553,9428,4925
554,9869,4752
555,9602,4899
556,9612,4884
557,9581,4895
558,9730,4766
559,9767,4770
560,9576,5038
561,9724,4970
562,9716,4983
563,9800,5121
564,9820,4898
565,9654,4919
566,9942,4924
567,10077,4910
568,9939,5079
569,9927,4924
570,9877,4851
571,9771,4936
572,9875,4944
573,10106,4975
574,10009,5070
575,10062,4992
576,9908,5097
577,9901,5144
578,9948,5135
579,10054,4976
580,10125,5043
581,10102,5061
582,9973,5089
583,10044,5160
584,10112,5298
585,10152,5225
586,10259,5051
587,10137,5074
588,10268,5256
589,10243,5365
590,10276,5106
591,10149,5335
592,10273,5264
593,10261,5113
594,10405,5443
595,10264,5235
596,10234,5227
597,10322,5354
598,10401,5379
599,10339,5233
600,10342,5200
601,10466,5247
602,10530,5264
603,10386,5096
604,10552,5159
605,10628,5263
606,10399,5286
607,10566,5120
608,10493,5224
609,10755,5393
610,10783,5364
611,10438,5393
612,10912,5563
613,10734,5406
614,10750,5614
615,10691,5456
616,10924,5433
617,10830,5503
618,10642,5400
619,10834,5531
620,10959,5524
621,11076,5349
622,10852,5691
623,10858,5333
624,10944,5467
625,11012,5542
626,10958,5505
627,11013,5527
628,10985,5468
629,10999,5639
630,11127,5650
631,10960,5432
632,11087,5638
633,11219,5651
634,11382,5410
635,11269,5570
636,11187,5473
637,11427,5548
638,11098,5774
639,11235,5384
640,11299,5607
641,11351,5661
642,11307,5517
643,11439,5780
644,11510,5558
645,11506,5725
646,11393,5706
647,11546,5774
648,11382,5699
649,11497,5659
650,11318,5794
651,11622,5916
652,11421,5772
653,11455,5687
654,11496,5878
655,11537,5669
656,11607,5837
657,11489,5782
658,11725,5918
659,11625,5793
660,11578,6104
661,11712,5688
662,11625,5820
663,11732,5905
664,11830,5753
665,11867,5638
666,11635,5868
667,11550,5925
668,11788,5664
669,11662,5728
670,11903,5650
671,12037,5848
672,11905,5982
673,11869,5914
674,11621,5896
675,11895,6044
676,12066,5970
677,12075,5895
678,12043,5971
679,11924,5752
680,12041,5833
681,11954,6110
682,12142,5932
683,12255,5842
684,12181,5977
685,12167,6067
686,12085,6063
687,12250,5990
688,12475,6197
689,12035,6007
690,12271,6085
691,12191,6167
692,12371,5955
693,12397,6021
694,12565,6208
695,12343,6090
696,12309,6085
697,12328,6126
698,12736,6183
699,12249,6118
700,12355,6238
701,12310,6178
702,12546,6161
703,12587,6152
704,12644,6142
705,12486,6323
706,12673,6312
707,12694,6333
708,12812,6131
709,12617,6268
710,12711,6301
711,12506,6294
712,12854,6524
713,12681,6420
714,12668,6195
715,12863,6065
716,12789,6455
717,12926,6325
718,12829,6442
719,12908,6194
720,12867,6452
721,13105,6536
722,13019,6381
723,12825,6374
724,13071,6232
725,12844,6488
726,12889,6588
727,12827,6330
728,12976,6447
729,13097,6504
730,13291,6386
731,13255,6435
732,13152,6532
733,12989,6259
734,13159,6407
735,13526,6479
736,13211,6406
737,13311,6393
738,13270,6632
739,13360,6561
740,13268,6348
741,13303,6599
742,13345,6354
743,13608,6481
744,13321,6571
745,13094,6441
746,13400,6473
747,13467,6688
748,13538,6619
749,13643,6602
750,13308,6525
751,13512,6679
752,13566,6644
753,13605,6628
754,13569,6740
755,13597,6599
756,13544,6634
757,13742,6614
758,13452,6576
759,13536,6528
760,13549,6662
761,13515,6649
762,13640,6596
763,13839,6615
764,13520,6633
765,13714,7002
766,13720,6790
767,13702,6666
768,13668,6710
769,13936,6810
770,13911,6593
771,13947,6984
772,13958,6776
773,14024,6778
774,13972,6995
775,13923,6717
776,13919,6545
777,14085,7058
778,14099,6849
779,14068,6729
780,13967,6779
781,14098,6950
782,14318,6977
783,14322,6997
784,14264,6975
785,14287,7182
786,14195,6860
787,14056,6779
788,14172,7061
789,13987,6759
790,14483,7061
791,14428,7303
792,14300,6903
793,14320,7024
794,14363,6998
795,14240,7097
796,14460,7056
797,14562,6888
798,14489,6975
799,14332,7003
800,14354,6912
801,14706,7187
802,14558,6958
803,14341,6851
804,14289,7141
805,14597,6874
806,14755,7191
807,14529,7195
808,14473,7150
809,14876,7155
810,14610,7086
811,14490,7311
812,14878,7015
813,14893,7101
814,14601,7150
815,14735,7282
816,14857,7127
817,14894,6999
818,14959,7043
819,14602,7031
820,14878,7275
821,14962,7183
822,14973,6859
823,14725,7365
824,14932,7204
825,15135,7307
826,15048,7170
827,14991,7271
828,15210,7299
829,15156,7544
830,14906,7196
831,15015,7461
832,15113,7200
833,15230,7265
834,15298,7426
835,15001,7538
836,15079,7610
837,15286,7288
838,14918,7286
839,15163,7033
840,15551,7474
841,15606,7662
842,15491,7718
843,15609,7548
844,15442,7506
845,15551,7568
846,15717,7498
847,15591,7493
848,15433,7743
849,15438,7478
850,15406,7373
851,15461,7452
852,15542,7305
853,15447,7845
854,15630,7327
855,15500,7528
856,15551,7635
857,15344,7642
858,15615,7628
859,15839,7318
860,15516,7417
861,15573,7606
862,15842,7521
863,15712,7508
864,15693,7452
865,16003,7569
866,16158,7577
867,15750,7431
868,15953,7677
869,15905,7683
870,15953,7683
871,15847,7541
872,15926,7665
873,15761,7703
874,15856,7728
875,15976,7744
876,16101,7883
877,16030,7370
878,15976,7705
879,16106,7582
880,16107,7829
881,15979,7954
882,15717,7745
883,16292,7908
884,16236,7736
885,16274,7621
886,16256,7535
887,16403,7692
888,16308,8004
889,16411,7949
890,16404,7770
891,16448,7754
892,16213,7853
893,16427,7882
894,16595,7755
895,16354,7894
896,16330,8004
897,16566,7656
898,16463,7926
899,16312,7743
900,16250,7931
901,16580,8003
902,16901,8146
903,16471,7928
904,16659,8032
905,16789,7855
906,16760,8044
907,16665,7751
908,16727,7846
909,16558,7835
910,16873,7989
911,16852,7647
912,16777,7954
913,16636,7959
914,16905,7911
915,16797,8138
916,16935,8012
917,16894,8119
918,17005,7851
919,17142,8168
920,16618,8337
921,16929,8481
922,16918,7998
923,17261,7849
924,16964,7997
925,16917,7840
926,16697,8116
927,17187,8124
928,17275,8024
929,17227,8120
930,17119,8150
931,17300,7981
932,17217,7947
933,17127,8024
934,17046,8157
935,17203,8254
936,17398,8194
937,17454,8419
938,17076,8277
939,17501,8489
940,17328,8292
941,17525,8331
942,17356,8286
943,17360,8523
944,17488,8468
945,17478,8284
946,17486,8451
947,17581,8126
948,17279,8335
949,17504,8617
950,17516,8260
951,17482,8390
952,17608,8288
953,17648,8115
954,17869,8346
955,17522,8283
956,17798,8438
957,17682,8359
958,17929,8488
959,17810,8566
960,17648,8245
961,17892,8520
962,17733,8628
963,17724,8133
964,17698,8358
965,17970,8519
966,17970,8503
967,17784,8433
968,17819,8463
969,17945,8296
970,18180,8706
971,17957,8929
972,17972,8566
973,18097,8527
974,18015,8694
975,17973,8517
976,17851,8463
977,18067,8536
978,18411,8559
979,18303,8640
980,18203,8723
981,18104,8530
982,18205,8563
983,18563,8778
984,18183,8673
985,18135,8773
986,18209,8759
987,18440,8542
988,18248,8568
989,18282,8823
990,18474,8835
991,18402,8512
992,18358,8830
993,18443,8630
994,18314,8775
995,18250,8711
996,18238,8618
997,18377,8784
998,18728,8878
999,18704,8632
1000,18592,8669
1001,18652,9179
1002,18601,8858
1003,19015,8714
1004,18579,9127
1005,18555,8685
1006,18965,8794
1007,18921,8738
1008,18635,9041
1009,18882,8755
1010,18926,8886
1011,18722,8790
1012,18975,8869
1013,18641,8750
1014,18902,9015
1015,18983,9159
1016,18904,8910
1017,18977,8916
1018,18987,8937
1019,19119,8897
1020,18853,8993
1021,19047,8867
1022,19024,9050
1023,19363,9125
1024,19180,8791
1025,19301,8906
1026,18897,9106
1027,19404,8890
1028,19367,9015
1029,19194,9257
1030,19179,9013
1031,19480,9255
1032,19290,9305
1033,19337,9355
1034,19261,9169
1035,19389,8983
1036,19140,9188
1037,19157,9071
1038,19781,9341
1039,19564,9010
1040,19640,9149
1041,19371,9137
1042,19320,9146
1043,19298,9098
1044,19553,9266
1045,19654,9344
1046,19916,9189
1047,19674,9123
1048,19394,9321
1049,19473,9274
1050,19560,9128
1051,19505,9154
1052,19735,9269
1053,19588,9284
1054,19900,9537
1055,19657,9117
1056,19835,9150
1057,19736,9373
1058,19777,9245
1059,19826,9285
1060,20092,9516
1061,19935,9639
1062,20092,9182
1063,19789,9517
1064,20157,9451
1065,19784,9273
1066,19852,9436
1067,19620,9429
1068,20115,9121
1069,19820,9471
1070,19926,9719
1071,20206,9362
1072,20005,9648
1073,19967,9428
1074,19896,9312
1075,20238,9496
1076,20058,9382
1077,20456,9089
1078,20270,9715
1079,20312,9322
1080,20417,9407
1081,19988,9451
1082,20336,9588
1083,20382,9589
1084,20460,9810
1085,20185,9424
1086,20755,9405
1087,20501,9523
1088,20485,9458
1089,20298,9626
1090,20409,9463
1091,20519,9708
1092,20453,9478
1093,20579,9730
1094,20642,9634
1095,20673,9605
1096,20447,9364
1097,20683,9798
1098,20580,9948
1099,20729,9595
1100,20726,9619
1101,20970,9606
1102,20800,9592
1103,20771,9634
1104,20964,9626
1105,20623,9755
1106,20851,9568
1107,21273,10022
1108,20953,9721
1109,20952,9683
1110,21198,9452
1111,20964,9733
1112,21031,9896
1113,20808,9671
1114,21243,9683
1115,21065,9960
1116,20968,9676
1117,21010,9616
1118,20909,9955
1119,21412,9981
1120,21546,9782
1121,21181,9894
1122,21340,9862
1123,21164,10002
1124,21183,10192
1125,21156,10165
1126,20899,10114
1127,21006,9920
1128,21140,9918
1129,21507,10021
1130,21368,9969
1131,21099,10096
1132,21139,10045
1133,21207,10147
1134,21484,9910
1135,21295,9848
1136,21591,9891
1137,21581,9887
1138,21435,9968
1139,21491,10164
1140,21464,9913
1141,21581,10037
1142,21754,10161
1143,21115,10031
1144,21738,10227
1145,21703,9917
1146,21501,10202
1147,21710,9898
1148,21863,10184
1149,21794,10184
1150,21851,10122
1151,21752,10175
1152,21651,10318
1153,22229,10158
1154,22073,10185
1155,21827,10456
1156,22010,10080
1157,22035,10065
1158,22136,10366
1159,21859,10166
1160,21944,10180
1161,21854,10169
1162,22088,10177
1163,21885,10593
1164,21858,10130
1165,21919,10242
1166,22294,10334
1167,22204,9941
1168,22176,10016
1169,22284,10171
1170,22012,10364
1171,22342,10373
1172,22473,10347
1173,22307,10594
1174,22237,10473
1175,22312,10188
1176,22155,10340
1177,22299,10517
1178,22481,10406
1179,22550,10416
1180,22346,10492
1181,22208,10228
1182,22862,10236
1183,22410,10444
1184,22483,10585
1185,22522,10398
1186,22505,10598
1187,22365,10453
1188,22771,10404
1189,22862,10501
1190,22633,10370
1191,22873,10503
1192,22401,10476
1193,22456,10386
1194,22965,10727
1195,22734,10483
1196,22762,10376
1197,22536,10752
1198,22679,10507
1199,23060,10555
1200,22868,10251
1201,22483,10814
1202,22861,10687
1203,23094,10643
1204,23011,10737
1205,22761,10819
1206,23006,10749
1207,22885,10649
1208,23042,10685
1209,23243,10494
1210,22978,10506
1211,23049,10806
1212,23064,10597
1213,23112,10793
1214,23035,10735
1215,23003,10790
1216,23335,11061
1217,23216,10599
1218,23295,10763
1219,23697,10750
1220,23318,10854
1221,23731,10823
1222,23172,10891
1223,23420,11004
1224,23535,10927
1225,23748,10650
1226,23407,10957
1227,23596,10644
1228,23718,10628
1229,23667,10717
1230,23165,10650
1231,23511,10755
1232,23530,10876
1233,23618,10744
1234,23516,10710
1235,23340,10612
1236,23516,10900
1237,23443,10702
1238,23502,10621
1239,23777,11104
1240,23761,10799
1241,23341,11117
1242,23409,10980
1243,23946,10909
1244,23829,11071
1245,23678,11084
1246,23970,11032
1247,23939,11072
1248,23622,11040
1249,23921,11139
1250,24145,10942
1251,23931,10737
1252,24119,10855
1253,23955,10920
1254,24058,11160
1255,23675,10845
1256,23925,11124
1257,24063,11139
1258,24106,11029
1259,24388,11202
1260,23817,11374
1261,24118,10706
1262,24106,10810
1263,24182,11130
1264,23791,11590
1265,24264,11353
1266,24612,11121
1267,24199,11209
1268,24263,10955
1269,24086,11451
1270,24352,11145
1271,24594,11358
1272,24253,11013
1273,24930,11303
1274,24218,11379
1275,24380,11280
1276,24862,11693
1277,24385,11317
1278,24418,11154
1279,24376,11362
1280,24497,11377
1281,24793,11163
1282,24789,11478
1283,24294,11337
1284,24604,11318
1285,24675,11290
1286,24848,11615
1287,24839,11164
1288,24474,11692
1289,24691,11294
1290,24763,11256
1291,24830,11470
1292,24930,11379
1293,25296,11490
1294,24807,11446
1295,24497,11639
1296,25170,11600
1297,24967,11424
1298,25127,11330
1299,25126,11203
1300,25251,11700
1301,24887,11346
1302,24902,11550
1303,25145,11219
1304,25121,11490
1305,25330,11547
1306,25200,11681
1307,25125,11477
1308,25118,11974
1309,25026,11541
1310,25132,11499
1311,25426,11610
1312,25112,11851
1313,25360,11617
1314,25088,11603
1315,24939,11593
1316,25255,11692
1317,25465,11556
1318,25179,11454
1319,25470,11291
1320,25702,11599
1321,25379,11738
1322,25684,11496
1323,25754,11822
1324,25241,11700
1325,25246,11662
1326,25695,11591
1327,25569,11796
1328,25542,11746
1329,25431,11946
1330,25449,11639
1331,25838,11748
1332,25466,11901
1333,25691,11682
1334,25547,11927
1335,25793,11913
1336,25744,11676
1337,25772,12016
1338,26202,12035
1339,25813,11571
1340,25847,11201
1341,25899,11517
1342,26355,11762
1343,25980,11975
1344,25960,12076
1345,26338,11903
1346,25787,11839
1347,25911,11946
1348,26191,12361
1349,25938,11745
1350,26016,11680
1351,25806,11807
1352,25891,11927
1353,26279,11918
1354,26630,11778
1355,26184,12148
1356,25971,12108
1357,26110,11934
1358,26099,11742
1359,26294,11823
1360,26102,11987
1361,26255,12244
1362,26148,12070
1363,26305,11878
1364,26482,11954
1365,26433,11943
1366,26740,11809
1367,26520,12125
1368,26404,12090
1369,26377,12347
1370,26617,12268
1371,26307,12126
1372,26623,12010
1373,26551,12267
1374,26398,11962
1375,26406,12086
1376,26725,12081
1377,26369,12264
1378,26652,11958
1379,26827,12388
1380,26907,12455
1381,26864,12322
1382,26694,12114
1383,26912,12072
1384,26695,12346
1385,26720,12417
1386,26859,12363
1387,26605,12089
1388,27045,12218
1389,26944,12285
1390,26986,11897
1391,26783,12153
1392,26885,12399
1393,26806,12064
1394,27163,12322
1395,27166,12240
1396,26937,12128
1397,27117,12255
1398,27429,12451
1399,26906,12489
1400,27215,12492
1401,27001,12522
1402,27150,12239
1403,27375,12387
1404,26695,12491
1405,27159,12382
1406,27058,12155
1407,27253,12329
1408,27194,12608
1409,27470,12199
1410,27311,12471
1411,27582,12392
1412,27258,12315
1413,27112,12604
1414,27219,12444
1415,27733,12298
1416,27550,12483
1417,27272,12389
1418,27153,12212
1419,27473,12340
1420,27286,12494
1421,27554,12829
1422,27990,12285
1423,27788,12720
1424,27800,12490
1425,27693,12294
1426,27390,12516
1427,27835,12431
1428,27625,12604
1429,27752,12532
1430,27526,12635
1431,27491,12825
1432,27614,12555
1433,27783,12646
1434,27711,12934
1435,27787,12490
1436,27753,12658
1437,27955,12557
1438,27981,12711
1439,28225,12705
1440,27964,12754
1441,27793,12671
1442,28271,12520
1443,28265,13061
1444,28223,12783
1445,28392,12965
1446,28214,12987
1447,28092,12855
1448,28013,12733
1449,28365,12938
1450,28429,12897
1451,28059,12911
1452,28350,12547
1453,28676,12964
1454,28066,12989
1455,28179,12821
1456,28298,12932
1457,28199,12801
1458,28130,12778
1459,28280,12790
1460,28344,13033
1461,28253,13011
1462,28388,12624
1463,28964,12754
1464,28632,12790
1465,28614,13140
1466,28530,13158
1467,28396,12881
1468,28783,12847
1469,28763,13227
1470,28705,12713
1471,28745,12944
1472,28434,13052
1473,28590,12903
1474,28659,12644
1475,28958,13188
1476,28997,12992
1477,29089,13106
1478,28985,13207
1479,28977,13298
1480,29116,13051
1481,29256,12961
1482,28690,13054
1483,28476,12826
1484,29255,13186
1485,28912,13727
1486,28813,13131
1487,29037,13099
1488,29206,13100
1489,29283,13104
1490,29427,13261
1491,29054,13108
1492,29017,12942
1493,29460,13286
1494,29028,13043
1495,29373,13095
1496,29140,13100
1497,29500,13424
1498,29048,13344
1499,29358,13322
1500,29316,13106
1501,29400,13182
1502,29125,13456
1503,29026,13036
1504,29652,13317
1505,29826,13433
1506,29419,13226
1507,29438,13331
1508,29231,13329
1509,29399,13326
1510,29474,13195
1511,29803,13434
1512,29301,13079
1513,29353,13225
1514,29868,13572
1515,29539,13474
1516,30097,13683
1517,29748,13492
1518,29944,13576
1519,29781,13350
1520,29600,13352
1521,29825,13269
1522,29705,13211
1523,29858,13464
1524,29761,13496
1525,29888,13264
1526,29602,13341
1527,30036,13552
1528,29770,13490
1529,29625,13610
1530,30155,13567
1531,29791,13332
1532,30077,13522
1533,29567,13627
1534,29793,13495
1535,29954,13656
1536,29997,13300
1537,29979,13506
1538,30176,13878
1539,30373,13875
1540,30268,13245
1541,29982,13412
1542,30075,13918
1543,30214,13354
1544,30188,13324
1545,30314,13302
1546,30385,13603
1547,30793,13713
1548,30604,13755
1549,30453,13272
1550,30487,13502
1551,30207,13986
1552,30463,13678
1553,30109,13556
1554,30713,13662
1555,30498,13552
1556,30419,13959
1557,30464,13530
1558,30340,13573
1559,30479,13864
1560,30743,14143
1561,31037,13770
1562,30883,13613
1563,30648,13729
1564,30928,13878
1565,30255,13829
1566,30667,13998
1567,30721,14241
1568,30895,13793
1569,30976,14124
1570,30777,14136
1571,31125,13797
1572,30530,13855
1573,30915,13856
1574,30792,13985
1575,30789,13974
1576,30738,13866
1577,30820,14117
1578,30975,13978
1579,30912,13834
1580,31312,14287
1581,31174,13879
1582,31155,13884
1583,31368,14296
1584,30833,13850
1585,31043,13850
1586,30825,14158
1587,31213,13897
1588,31042,13967
1589,31442,14033
1590,30891,13994
1591,31134,14203
1592,31302,13866
1593,31344,14087
1594,31608,14330
1595,31846,13926
1596,31310,14366
1597,31609,14080
1598,31125,14132
1599,31516,14109
1600,31353,14324
1601,31646,14004
1602,31516,14095
1603,31677,14114
1604,31433,14524
1605,31750,13945
1606,31857,14346
1607,31682,13891
1608,31764,14399
1609,31740,13988
1610,31795,14247
1611,31564,14371
1612,31391,14071
1613,31678,14057
1614,31804,13916
1615,31741,14109
1616,31771,14166
1617,31580,14100
1618,31962,14234
1619,31926,14177
1620,31899,14393
1621,31817,14120
1622,32154,14094
1623,32271,14279
1624,31961,14328
1625,31955,14729
1626,32184,14583
1627,32286,13992
1628,31805,14449
1629,31790,14169
1630,32106,14218
1631,32036,14344
1632,32137,14470
1633,32257,14688
1634,32131,14388
1635,32956,14462
1636,32299,14308
1637,32502,14231
1638,32282,14676
1639,32244,14716
1640,32221,14311
1641,32245,14233
1642,32533,14229
1643,32146,14195
1644,32583,14649
1645,32126,14556
1646,32076,14463
1647,32626,14867
1648,32423,14167
1649,32437,14708
1650,32520,14955
1651,32210,14523
1652,32902,14743
1653,32621,14445
1654,32621,14470
1655,32473,14762
1656,32735,14505
1657,32682,14492
1658,32629,14716
1659,32415,14551
1660,33181,14551
1661,32967,14818
1662,32789,14723
1663,32752,14722
1664,33175,14658
1665,32942,14735
1666,32590,14801
1667,32857,14580
1668,33102,14718
1669,32944,14699
1670,32944,14770
1671,32929,14721
1672,33138,14637
1673,33223,14598
1674,33016,14924
1675,33138,14785
1676,33305,14714
1677,33137,14952
1678,33209,14630
1679,33291,14758
1680,33422,14742
1681,33447,14983
1682,33108,14746
1683,33427,14956
1684,33351,14762
1685,33441,14581
1686,33611,14893
1687,33801,15044
1688,33649,14805
1689,33347,14557
1690,34086,15151
1691,33481,14825
1692,33510,14979
1693,33197,15149
1694,33463,14857
1695,33587,15026
1696,33691,14922
1697,33950,15094
1698,33741,15378
1699,33556,15216
1700,34001,14988
1701,33618,15010
1702,33435,15098
1703,33638,15148
1704,34117,15235
1705,33777,14934
1706,33878,15125
1707,33893,15173
1708,33861,15056
1709,34003,15143
1710,33696,14850
1711,33746,14986
1712,33930,15106
1713,34190,15123
1714,33834,14754
1715,33832,15264
1716,33811,14899
1717,34091,15096
1718,33913,15010
1719,34145,15076
1720,33888,15349
1721,33780,14902
1722,34013,15134
1723,33999,15118
1724,33845,15339
1725,33990,15000
1726,34355,15044
1727,34082,15278
1728,34338,15199
1729,34448,15251
1730,33938,15018
1731,34042,15157
1732,34544,15378
1733,34886,15327
1734,34521,15341
1735,34319,14913
1736,34465,15271
1737,34527,15426
1738,34388,15753
1739,34491,15361
1740,34637,15321
1741,34328,15265
1742,34325,15273
1743,34707,15320
1744,34756,15276
1745,34686,15411
1746,34415,15675
1747,34616,15284
1748,34378,15654
1749,34770,15540
1750,34821,15349
1751,34858,15685
1752,34651,15245
1753,34373,15487
1754,35209,15467
1755,34488,15310
1756,35023,15510
1757,35081,15290
1758,35240,15929
1759,34780,15055
1760,35066,15403
1761,35534,15499
1762,35003,15757
1763,35515,15841
1764,34684,15424
1765,34753,15556
1766,35130,15777
1767,35467,15535
1768,35003,15573
1769,35170,15442
1770,35606,15766
1771,35398,15667
1772,35747,16193
1773,35363,15767
1774,35360,15553
1775,35497,15735
1776,35313,15506
1777,35661,15756
1778,35509,15829
1779,35433,15714
1780,35330,15543
1781,35292,15676
1782,35848,15762
1783,35700,15791
1784,35328,15753
1785,35798,15848
1786,35359,15697
1787,35527,15637
1788,35472,15404
1789,35844,15855
1790,35959,15987
1791,35724,15795
1792,35746,15944
1793,35798,15864
1794,35357,15702
1795,35548,15823
1796,35769,15746
1797,35977,15828
1798,35649,16016
1799,36011,16082
1800,35876,16024
1801,35867,15736
1802,36162,15847
1803,36097,15724
1804,36197,16110
1805,35843,16101
1806,36116,15952
1807,36024,15692
1808,35913,16293
1809,35898,16123
1810,36120,15735
1811,36368,15952
1812,36127,15916
1813,35975,15819
1814,36024,16179
1815,36280,16100
1816,36455,15806
1817,36165,15783
1818,36534,15973
1819,36080,16149
1820,36068,16181
1821,36055,16231
1822,36056,16078
1823,36062,16026
1824,36370,16087
1825,36427,16151
1826,36482,16144
1827,36360,16136
1828,36732,15897
1829,36783,16235
1830,36412,16157
1831,36536,15788
1832,36614,16162
1833,36777,16174
1834,36884,15918
1835,36591,15754
1836,36745,16160
1837,36694,16124
1838,36846,16424
1839,36779,16527
1840,36606,16245
1841,36534,16153
1842,36593,16294
1843,36681,16108
1844,36979,16372
1845,37032,16371
1846,36945,16078
1847,36206,16203
1848,37086,16421
1849,36980,16424
1850,37505,16350
1851,37122,16617
1852,37054,16272
1853,36904,16025
1854,36864,16010
1855,37245,16516
1856,37218,16232
1857,37364,16276
1858,37061,16663
1859,37383,16402
1860,37520,16528
1861,37326,16467
1862,37363,16270
1863,37404,16458
1864,37197,16524
1865,37120,16499
1866,37118,16340
1867,37451,16302
1868,37226,16482
1869,37246,16058
1870,37256,16502
1871,37261,16420
1872,37431,16402
1873,37698,16401
1874,37576,16381
1875,37543,16255
1876,37310,16370
1877,37619,16675
1878,37604,16358
1879,37754,16492
1880,37808,16753
1881,37568,16554
1882,37776,16647
1883,37472,16699
1884,37775,16859
1885,37589,16620
1886,37608,16396
1887,37964,17125
1888,37958,16968
1889,37761,16706
1890,37912,16513
1891,38344,16685
1892,37867,16568
1893,37841,16542
1894,38165,16806
1895,38000,16685
1896,37872,16862
1897,38210,16616
1898,38070,16653
1899,38487,16816
1900,38290,16563
1901,38207,16850
1902,37914,17061
1903,38668,16645
1904,37977,16736
1905,38223,16946
1906,38159,16389
1907,38378,16506
1908,37927,16648
1909,38318,16820
1910,38681,16834
1911,38256,16555
1912,38454,16800
1913,38951,16762
1914,38092,16702
1915,38532,17016
1916,38219,16908
1917,38338,17146
1918,38442,16794
1919,38938,17157
1920,38838,16493
1921,38704,17348
1922,38291,16820
1923,38593,16913
1924,38956,16870
1925,38685,17192
1926,38996,17059
1927,39095,16761
1928,38403,17149
1929,38948,17248
1930,39053,17147
1931,39266,16941
1932,38855,17196
1933,38449,17218
1934,38627,17176
1935,39177,17236
1936,39537,17200
1937,38869,17227
1938,38849,16786
1939,39197,16892
1940,39086,17133
1941,38903,17387
1942,38971,17681
1943,39431,17147
1944,39500,16618
1945,39192,17198
1946,38990,17103
1947,39049,17491
1948,39813,17260
1949,39503,17352
1950,39025,16683
1951,38690,16980
1952,39297,16955
1953,39170,17155
1954,39480,17188
1955,39378,17387
1956,39759,17004
1957,39544,17061
1958,39519,17180
1959,39544,17434
1960,39109,17268
1961,39695,17288
1962,39893,17383
1963,39491,17308
1964,39656,17477
1965,39499,17368
1966,39562,17305
1967,39688,17427
1968,39388,17127
1969,39520,17329
1970,39600,17438
1971,39847,17242
1972,40183,17080
1973,39657,17448
1974,39737,17277
1975,40092,17321
1976,40322,17514
1977,39773,17799
1978,39896,17447
1979,39697,17593
1980,40071,17853
1981,40036,17403
1982,40033,17679
1983,40360,17536
1984,39685,17495
1985,40272,17607
1986,40487,17711
1987,40132,17661
1988,40487,17726
1989,39846,17381
1990,39960,17855
1991,40135,17581
1992,40266,17622
1993,39867,17729
1994,40450,17721
1995,40283,17726
1996,40225,17495
1997,40223,17780
1998,39868,17615
1999,40376,17499
2000,40126,17982
2001,40486,17642
2002,40139,17457
2003,40622,17901
2004,40457,17668
2005,40066,17426
2006,40802,17633
2007,40601,17418
2008,40553,17724
2009,40478,17886
2010,40458,17489
2011,40483,17863
2012,40539,17854
2013,41219,17700
2014,40637,17570
2015,40815,17935
2016,40544,17653
2017,40583,18059
2018,40391,17630
2019,40921,17942
2020,40662,17888
2021,40987,17992
2022,40732,17667
2023,40581,17684
2024,40943,17776
2025,40931,18012
2026,40713,17689
2027,41144,18122
2028,40590,18139
2029,41009,18135
2030,40917,18223
2031,40965,17662
2032,41068,18078
2033,41286,17961
2034,41640,17839
2035,41053,17933
2036,40790,17817
2037,41701,18139
2038,41198,18269
2039,41534,18076
2040,41064,18211
2041,41415,17959
2042,41309,18082
2043,41089,17867
2044,41221,18130
2045,41104,17975
2046,41591,18425
2047,41626,18012
2048,41994,18229
2049,41607,18059
2050,41818,18287
2051,41249,18295
2052,41388,18029
2053,41618,17699
2054,41473,17951
2055,41977,18200
2056,41706,18035
2057,41396,18071
2058,42008,18309
2059,41956,18138
2060,42339,18159
2061,41841,18116
2062,41946,18229
2063,41445,18060
2064,41710,17888
2065,41792,18323
2066,42065,18344
2067,41973,18317
2068,41715,18139
2069,42440,18734
2070,42055,18368
2071,41876,18389
2072,42251,18190
2073,42296,18126
2074,42271,18279
2075,42263,18259
2076,41941,18277
2077,42171,18425
2078,41804,18652
2079,42026,18628
2080,42546,18062
2081,42238,18547
2082,41865,18047
2083,42472,18363
2084,42133,18113
2085,41966,18002
2086,42714,18372
2087,42238,18708
2088,42120,18202
2089,42007,18519
2090,42258,18873
2091,42569,18404
2092,42696,18670
2093,42383,18298
2094,42521,18534
2095,42420,18419
2096,42463,18737
2097,42718,18588
2098,42952,18294
2099,42710,18631
2100,43215,18642
2101,42503,18694
2102,42947,18580
2103,42605,18632
2104,42975,18592
2105,42865,18834
2106,42416,18753
2107,42762,18337
2108,42656,18743
2109,42852,18344
2110,43247,18679
2111,42659,18476
2112,42613,18564
2113,43629,18633
2114,42826,18606
2115,43056,18979
2116,43198,18733
2117,43066,19225
2118,42991,18771
2119,42956,18713
2120,42958,18694
2121,42895,18663
2122,42986,18822
2123,42976,18591
2124,43138,19060
2125,43363,18837
2126,43134,18838
2127,43209,18759
2128,43319,18695
2129,43336,18789
2130,43030,18606
2131,43074,18470
2132,43788,19093
2133,43353,18555
2134,43904,19035
2135,43611,18871
2136,43246,19040
2137,43936,18692
2138,43458,18855
2139,43330,18855
2140,43714,18912
2141,43160,18794
2142,43958,18869
2143,43507,19033
2144,43490,18927
2145,44113,18491
2146,43318,19112
2147,44014,18558
2148,43603,18821
2149,44103,19289
2150,44003,18754
2151,43926,18860
2152,43858,18889
2153,43450,18947
2154,43543,18755
2155,43638,18877
2156,43916,18976
2157,44009,19089
2158,43651,18973
2159,43733,18456
2160,44029,19347
2161,44174,18813
2162,44465,18949
2163,44272,18806
2164,44311,18966
2165,43806,19098
2166,44023,18735
2167,43592,19125
2168,44378,19021
2169,43940,18778
2170,43989,19225
2171,44228,19207
2172,44600,18994
2173,44215,19330
2174,44671,19418
2175,44459,19301
2176,44374,19161
2177,44127,19208
2178,44161,19330
2179,44421,18868
2180,44277,19041
2181,44599,18942
2182,44728,19287
2183,44655,19334
2184,44187,19248
2185,44252,19038
2186,44359,19126
2187,44381,19138
2188,44748,19011
2189,44918,19575
2190,44989,19423
2191,44879,19146
2192,44754,19083
2193,44626,19043
2194,44771,19441
2195,44689,19540
2196,44847,19431
2197,44986,19299
2198,45091,19655
2199,44541,19339
2200,44647,19609
2201,45218,19181
2202,44924,19426
2203,44953,19421
2204,45072,19626
2205,45023,19751
2206,45079,19483
2207,45138,19399
2208,45153,19823
2209,45465,19325
2210,45095,19258
2211,45359,19499
2212,45266,19374
2213,45207,19525
2214,45302,19761
2215,45011,19277
2216,45073,19566
2217,45347,19437
2218,45637,19641
2219,45202,19399
2220,45330,19702
2221,45786,19650
2222,45184,19987
2223,45357,19723
2224,45219,19856
2225,45519,19507
2226,45513,19499
2227,45189,19651
2228,45815,19730
2229,45544,19529
2230,45325,19834
2231,46277,19596
2232,45389,19682
2233,45717,19465
2234,45640,19575
2235,45804,19462
2236,45722,19887
2237,46266,19440
2238,45827,19682
2239,45678,20001
2240,46210,20209
2241,45647,19697
2242,45847,19664
2243,46097,19531
2244,45971,19654
2245,45601,19413
2246,45984,20034
2247,46118,19849
2248,46005,20065
2249,45986,19952
2250,45769,20005
2251,45833,19614
2252,45359,19683
2253,46026,19678
2254,45906,19764
2255,46291,20007
2256,46743,19886
2257,45880,19928
2258,46286,19924
2259,45903,19934
2260,46138,19848
2261,46033,20059
2262,46301,19891
2263,46086,20077
2264,46406,19791
2265,45946,19865
2266,46945,20047
2267,46667,19821
2268,46821,20398
2269,46692,19805
2270,46301,19900
2271,46081,20117
2272,46420,19939
2273,47007,20489
2274,46444,20333
2275,46230,20155
2276,46429,20073
2277,46493,19751
2278,46742,20007
2279,46546,20325
2280,46548,20283
2281,46288,20118
2282,46525,19917
2283,46579,20257
2284,46717,20067
2285,46729,20138
2286,46577,19767
2287,46625,20103
2288,47425,20356
2289,47491,19894
2290,47095,20054
2291,47388,20304
2292,46932,20637
2293,47038,19818
2294,46621,20488
2295,46728,20374
2296,47167,19953
2297,47494,20125
2298,47510,20937
2299,46961,20556
2300,47175,20171
2301,47438,20220
2302,47084,20444
2303,47400,20447
2304,47489,20446
2305,46831,20292
2306,47208,20618
2307,47313,20304
2308,47279,20232
2309,47427,20548
2310,47163,20646
2311,47623,20688
2312,47419,20517
2313,47584,20543
2314,46993,20351
2315,47683,20251
2316,47675,20235
2317,47683,19880
2318,47669,20248
2319,47556,20595
2320,47374,20499
2321,47645,20625
2322,47788,20443
2323,47472,20558
2324,47686,20702
2325,47532,20201
2326,47960,21063
2327,47815,20393
2328,47855,20864
2329,47961,20621
2330,47764,20746
2331,47608,20522
2332,47268,20593
2333,48211,20998
2334,48135,20691
2335,48262,20996
2336,47956,20506
2337,47904,20653
2338,47610,20498
2339,47588,20702
2340,48452,21242
2341,48203,20653
2342,48009,20761
2343,48530,20990
2344,48042,20602
2345,48133,20784
2346,48375,20794
2347,48044,20865
2348,48038,20485
2349,48177,20732
2350,48130,20490
2351,48593,20798
2352,48129,20721
2353,48538,20577
2354,48337,20767
2355,48463,20900
2356,48691,20623
2357,48284,20813
2358,48295,20801
2359,48477,21008
2360,48304,21240
2361,48889,20979
2362,48615,20892
2363,48454,20852
2364,48839,20150
2365,49041,21184
2366,48775,20813
2367,48526,21407
2368,48469,20734
2369,48154,20726
2370,48885,20930
2371,48577,20906
2372,48727,20839
2373,48632,21026
2374,48838,20944
2375,49070,20828
2376,48850,21117
2377,48939,20972
2378,49271,20861
2379,48899,21083
2380,48931,20744
2381,48874,21062
2382,49406,21552
2383,49300,20681
2384,48722,21125
2385,48827,21463
2386,49315,21012
2387,49521,21079
2388,48913,21360
2389,49571,21001
2390,48959,21515
2391,49503,20865
2392,49057,21355
2393,49213,21265
2394,48764,21229
2395,49316,21557
2396,49255,21272
2397,49287,21133
2398,49475,21188
2399,49418,20957
2400,49405,21340
2401,49708,21336
2402,49837,21128
2403,49560,20920
2404,49524,21239
2405,49681,21370
2406,49362,21765
2407,49512,21170
2408,49880,21309
2409,49462,21434
2410,49888,20891
2411,49158,21315
2412,49214,21483
2413,49786,21341
2414,49786,20998
2415,49698,21265
2416,49500,21323
2417,49516,21202
2418,49529,21737
2419,49588,21575
2420,50181,21529
2421,50025,21373
2422,49468,21295
2423,49658,21469
2424,49679,21145
2425,50270,21352
2426,50076,21458
2427,50311,21501
2428,50427,21922
2429,50494,21593
2430,50011,21726
2431,49999,21255
2432,50284,21253
2433,50354,22390
2434,49771,21254
2435,50311,21583
2436,50367,21813
2437,50702,21619
2438,50062,21255
2439,50607,21994
2440,49836,21361
2441,50615,21759
2442,50122,21835
2443,50606,21554
2444,50324,21643
2445,50355,21531
2446,50856,21860
2447,50782,21673
2448,50525,21637
2449,51041,21004
2450,50181,21647
2451,50312,21508
2452,50579,21343
2453,50594,22215
2454,50680,21954
2455,50357,21797
2456,51121,21786
2457,50930,21786
2458,50617,21944
2459,50426,21993
2460,51149,21620
2461,50970,21882
2462,51062,21717
2463,50428,21643
2464,50425,21187
2465,50805,21837
2466,50935,21911
2467,51184,21364
2468,50658,21787
2469,50957,21635
2470,51299,21703
2471,50869,21726
2472,51237,21826
2473,51060,21681
2474,50941,21702
2475,51103,21998
2476,50950,21760
2477,51035,21768
2478,51496,22107
2479,51532,21996
2480,50990,21996
2481,51652,22147
2482,51772,22240
2483,51711,21981
2484,51550,21776
2485,51094,21995
2486,51938,22036
2487,51285,22273
2488,51301,21855
2489,51234,22062
2490,51248,22110
2491,50915,21843
2492,51855,21787
2493,51523,22194
2494,51522,22116
2495,51435,21953
2496,52097,21945
2497,51898,22509
2498,51721,21958
2499,51517,21968
2500,51893,22197
2501,51414,22113
2502,51839,22078
2503,51791,21886
2504,52150,21875
2505,52095,22108
2506,52190,21950
2507,52390,21897
2508,51498,22420
2509,51575,21958
2510,52088,21889
2511,52076,21975
2512,52175,22486
2513,51799,22513
2514,52351,22469
2515,52421,21788
2516,52327,22384
2517,51933,22114
2518,52140,22046
2519,52017,21788
2520,52169,22076
2521,51491,22146
2522,52026,22087
2523,52306,22317
2524,52380,21938
2525,52133,22612
2526,52181,22496
2527,52262,22486
2528,52259,21924
2529,52293,22232
2530,52677,22323
2531,52418,22356
2532,52199,22385
2533,52459,22087
2534,52616,22991
2535,52230,22368
2536,52160,22429
2537,52077,22203
2538,52255,22529
2539,53299,22455
2540,52996,22160
2541,52852,22821
2542,52788,22248
2543,53095,22630
2544,52974,22242
2545,52618,22547
2546,52607,22828
2547,53028,22476
2548,53310,22585
2549,53165,22527
2550,53107,22741
2551,52764,22577
2552,52525,22480
2553,53067,22608
2554,53055,22566
2555,53110,22912
2556,53367,22253
2557,52777,22481
2558,52938,22198
2559,52795,22620
2560,52925,22619
2561,53090,22772
2562,53397,22963
2563,53564,22806
2564,52986,22667
2565,53110,22732
2566,53721,22750
2567,53020,22651
2568,53172,22675
2569,53192,22821
2570,53414,23015
2571,53532,22058
2572,53699,22697
2573,53040,22465
2574,53681,23038
2575,53694,22989
2576,53534,23007
2577,53858,22874
2578,53348,22496
2579,53946,22628
2580,53297,22665
2581,53919,22835
2582,53688,22733
2583,53938,23049
2584,53702,22498
2585,53909,22943
2586,54198,22930
2587,53620,22905
2588,54126,23023
2589,53722,23027
2590,53897,22878
2591,53457,22761
2592,53755,23022
2593,53991,22872
2594,53369,22965
2595,54144,23131
2596,54128,22932
2597,53692,22864
2598,53948,23009
2599,53585,22941
2600,53560,22750
2601,53960,22596
2602,54586,22865
2603,54383,22928
2604,54598,23171
2605,53985,22875
2606,54113,22754
2607,54073,23507
2608,54623,23049
2609,53632,22681
2610,54433,22856
2611,54592,23056
2612,54343,23473
2613,54301,23008
2614,54113,23326
2615,54549,23126
2616,54222,23085
2617,54681,23580
2618,54056,23617
2619,54119,22950
2620,54834,23228
2621,54370,23123
2622,54194,22908
2623,54599,22938
2624,54482,22872
2625,54871,22808
2626,54708,23312
2627,54864,23389
2628,54564,22936
2629,54956,23363
2630,54583,23391
2631,54891,23503
2632,54782,23399
2633,54853,23213
2634,54266,23167
2635,54754,23224
2636,54664,23415
2637,54876,23348
2638,54787,23131
2639,54785,23580
2640,54784,23302
2641,54761,23210
2642,55360,23080
2643,54934,22852
2644,55421,23514
2645,54997,23326
2646,55269,23658
2647,54598,23044
2648,55352,23068
2649,55133,23178
2650,54928,23449
2651,54788,23606
2652,55575,23286
2653,55705,23573
2654,55332,23291
2655,54920,23669
2656,55314,23520
2657,55505,23402
2658,55413,23772
2659,55822,23867
2660,55514,23743
2661,55708,23862
2662,55397,23421
2663,55424,23641
2664,55772,23516
2665,55638,23587
2666,55397,23420
2667,56299,23615
2668,55720,23409
2669,55132,23644
2670,55499,23360
2671,55575,23776
2672,55465,24060
2673,55476,23602
2674,55789,23573
2675,55740,23842
2676,55914,23805
2677,55718,23653
2678,55727,23570
2679,55928,23480
2680,55750,23674
2681,55900,23901
2682,55580,23567
2683,55779,23713
2684,56287,23498
2685,55967,23667
2686,56314,23518
2687,56016,23646
2688,56140,23741
2689,56564,23820
2690,56216,23668
2691,55962,23573
2692,56192,23292
2693,56689,23670
2694,56293,23765
2695,56232,24152
2696,55628,23825
2697,56520,24036
2698,56520,23552
2699,56450,23802
2700,56348,23841
2701,56533,23212
2702,56707,24192
2703,56305,23537
2704,56481,23722
2705,56556,23905
2706,56529,24004
2707,56231,24030
2708,56931,24133
2709,56871,23973
2710,56374,23849
2711,56899,24297
2712,56544,24215
2713,56630,24222
2714,56742,24112
2715,56007,23696
2716,56423,23933
2717,56840,23886
2718,56656,24036
2719,57317,23775
2720,56725,23761
2721,56862,23853
2722,56636,24101
2723,57143,24253
2724,56797,24063
2725,57199,24214
2726,57043,23726
2727,57038,23915
2728,57492,23911
2729,56877,23930
2730,56837,24213
2731,56907,23828
2732,57146,24097
2733,56874,24087
2734,57164,24507
2735,57397,24005
2736,57227,24251
2737,56529,24534
2738,56931,24466
2739,57077,24025
2740,58013,24481
2741,57611,24562
2742,56887,23936
2743,57500,23994
2744,57396,24356
2745,57515,24660
2746,57148,24059
2747,57354,23810
2748,57541,24166
2749,57194,24446
2750,58406,24055
2751,57904,24469
2752,57164,23865
2753,56951,24267
2754,57642,24534
2755,57263,24685
2756,57348,23911
2757,57923,24724
2758,57331,24129
2759,58012,24464
2760,57454,24403
2761,58065,24566
2762,57461,25081
2763,57977,24707
2764,57551,24364
2765,57687,24557
2766,57892,24182
2767,57752,24644
2768,57866,24186
2769,58772,24203
2770,58141,24206
2771,57678,24711
2772,58273,24853
2773,57902,24138
2774,58087,24349
2775,57917,24459
2776,58070,24518
2777,58465,24533
2778,58184,24228
2779,58456,24566
2780,57488,24734
2781,58198,24604
2782,57977,24544
2783,58008,25063
2784,58542,24906
2785,58846,24607
2786,58478,24919
2787,58083,25049
2788,58506,25106
2789,58029,24261
2790,58623,24580
2791,58202,24834
2792,58654,24535
2793,58767,24539
2794,58589,24642
2795,58446,24532
2796,58447,24615
2797,58339,24358
2798,58753,24590
2799,58781,24510
2800,58639,24716
2801,59138,24413
2802,58338,24790
2803,59282,24935
2804,58448,24444
2805,59058,24557
2806,58781,24844
2807,58606,24971
2808,58500,24774
2809,59045,24651
2810,58374,24848
2811,58827,24265
2812,58864,25340
2813,58915,25178
2814,59764,24738
2815,59082,24369
2816,58936,24994
2817,59261,25184
2818,59202,24720
2819,59019,25007
2820,59236,24953
2821,59153,25027
2822,59038,25469
2823,59965,24957
2824,59131,24722
2825,59227,24821
2826,58699,24775
2827,59249,24772
2828,59558,25462
2829,59274,24992
2830,59957,25107
2831,58994,24973
2832,59848,25390
2833,59556,24780
2834,59787,25158
2835,59470,25155
2836,60101,24909
2837,59265,24848
2838,59023,24845
2839,59288,25054
2840,59636,24891
2841,59753,24785
2842,59627,25124
2843,60392,25079
2844,59838,25172
2845,59590,24833
2846,59397,25775
2847,59802,25471
2848,60009,24972
2849,60224,25670
2850,59408,25167
2851,59838,25028
2852,59731,25312
2853,60580,25136
2854,59767,25219
2855,59360,25418
2856,59458,25715
2857,60129,25357
2858,60613,24929
2859,59678,25075
2860,59659,25549
2861,59632,24850
2862,60369,25301
2863,59992,25505
2864,59864,25561
2865,60263,25418
2866,60039,25371
2867,60517,25115
2868,59975,25290
2869,60629,25156
2870,60581,25638
2871,60139,25693
2872,60382,25362
2873,60330,25726
2874,60999,25823
2875,60414,25102
2876,60353,24871
2877,60474,25137
2878,60742,25692
2879,60712,25502
2880,60633,25367
2881,60556,25712
2882,60797,25204
2883,60214,25492
2884,60548,25561
2885,60196,25542
2886,60586,25526
2887,60575,25631
2888,60909,25748
2889,60779,25786
2890,60841,25302
2891,60689,26047
2892,60653,25669
2893,61559,25987
2894,60702,25693
2895,60730,25534
2896,60880,25517
2897,60988,25470
2898,61252,26012
2899,60937,25460
2900,61058,25235
2901,60856,25845
2902,60680,25287
2903,61127,25950
2904,61535,25920
2905,60861,25274
2906,60768,25782
2907,60726,25729
2908,61626,25527
2909,61057,25672
2910,60864,25596
2911,61426,25563
2912,61284,26137
2913,61544,26065
2914,61678,25455
2915,61681,25535
2916,61583,25767
2917,61556,26176
2918,61602,26086
2919,61761,25895
2920,61321,25965
2921,61486,25519
2922,61587,26045
2923,61451,25840
2924,61250,26032
2925,61268,25917
2926,61675,25501
2927,61627,26030
2928,61630,25745
2929,60752,25988
2930,60877,25636
2931,62044,25656
2932,61384,25697
2933,61668,25975
2934,61627,25669
2935,62029,25708
2936,62049,26051
2937,62179,25986
2938,61756,25406
2939,62019,25620
2940,62266,26102
2941,62074,26278
2942,61232,26248
2943,62150,26207
2944,61523,25415
2945,62379,26266
2946,62385,26550
2947,61527,26473
2948,62171,26106
2949,62173,26106
2950,61650,25822
2951,62148,25799
2952,61590,25980
2953,61920,26005
2954,62126,26121
2955,62353,26353
2956,62393,26644
2957,62065,25959
2958,62639,26167
2959,61591,25787
2960,62166,25807
2961,62455,25939
2962,62627,25957
2963,63054,26363
2964,63387,26377
2965,62771,26422
2966,62562,26234
2967,62529,26051
2968,62554,26146
2969,62420,26444
2970,63141,25870
2971,62855,26220
2972,63098,26266
2973,62554,26028
2974,62821,26276
2975,62971,26166
2976,62968,25965
2977,63369,26359
2978,62659,26563
2979,63220,26410
2980,63286,26294
2981,63394,26196
2982,62853,26229
2983,63068,26843
2984,62895,26672
2985,62808,26366
2986,63013,26543
2987,62722,26209
2988,63243,26517
2989,62666,26541
2990,63438,26929
2991,63198,26019
2992,62842,26843
2993,62813,27103
2994,62667,26403
2995,63653,26473
2996,63359,26354
2997,62701,26673
2998,62829,26337
2999,63939,26558
3000,63171,26378
3001,63157,26656
3002,63205,26355
3003,63582,26635
3004,63299,26644
3005,62785,26278
3006,63947,26061
3007,63739,26217
3008,63875,26668
3009,63349,26799
3010,63825,26446
3011,63063,26532
3012,63963,26519
3013,63637,26411
3014,64288,26458
3015,63930,26432
3016,63265,26289
3017,63360,26763
3018,63344,26480
3019,64149,26838
3020,63728,26876
3021,63614,26565
3022,63815,26762
3023,63299,26857
3024,63526,26983
3025,64264,26764
3026,64462,26819
3027,64066,26535
3028,64095,26963
3029,64151,26748
3030,63243,27239
3031,64239,26784
3032,63999,27206
3033,64287,27215
3034,64855,26715
3035,63794,26388
3036,64781,26700
3037,64124,26908
3038,64132,26884
3039,64004,26834
3040,64054,26914
3041,64640,26515
3042,64323,26730
3043,64480,26653
3044,64677,27121
3045,64617,27486
3046,64439,27084
3047,64790,27225
3048,64338,26884
3049,64162,27130
3050,63850,26639
3051,64204,27372
3052,64361,27276
3053,65238,26575
3054,64853,27122
3055,64838,27254
3056,64976,27298
3057,64201,27272
3058,64360,26712
3059,64134,27313
3060,65070,27349
3061,64474,27318
3062,64220,26757
3063,64311,27328
3064,65704,27392
3065,64476,27125
3066,64444,27058
3067,65537,27088
3068,64681,27214
3069,65330,26975
3070,64652,26556
3071,64961,27305
3072,65125,27674
3073,65068,26709
3074,64792,26923
3075,64964,27027
3076,65010,27822
3077,65141,27030
3078,65219,27610
3079,64678,26945
3080,65296,27194
3081,65036,27481
3082,64698,26671
3083,64806,27240
3084,65235,26596
3085,65248,27375
3086,65294,27393
3087,65447,27427
3088,65104,27617
3089,65569,27347
3090,65472,27044
3091,64771,27535
3092,65360,27481
3093,65954,26959
3094,65123,27175
3095,65732,27714
3096,65475,27297
3097,66103,27700
3098,65191,27802
3099,65699,27235
3100,66167,27984
3101,65342,27346
3102,65764,27591
3103,65545,27684
3104,65876,27207
3105,65817,27583
3106,65594,27660
3107,65516,27237
3108,65508,27394
3109,65901,27775
3110,65973,27593
3111,66128,27165
3112,65667,27735
3113,66047,27415
3114,65699,27644
3115,66152,27904
3116,66482,27533
3117,65943,27034
3118,66084,27268
3119,65723,27308
3120,66053,27469
3121,65829,27533
3122,65815,27398
3123,66104,27424
3124,66579,27657
3125,66537,27934
3126,66214,28017
3127,66548,27346
3128,66313,27814
3129,66493,27914
3130,66536,27549
3131,65820,27519
3132,66228,27451
3133,66990,27658
3134,66269,27916
3135,66715,27622
3136,67188,27675
3137,66771,27840
3138,66523,28098
3139,67498,27889
3140,66290,27566
3141,66672,27761
3142,66700,27968
3143,67145,27911
3144,67000,27582
3145,66605,28142
3146,66636,27894
3147,67033,27578
3148,66915,27768
3149,66895,27954
3150,66509,27790
3151,67131,27802
3152,67136,27912
3153,67129,27545
3154,67142,27817
3155,67096,28060
3156,66157,28197
3157,66669,28202
3158,67254,28283
3159,67213,27949
3160,66603,27487
3161,66886,27602
3162,67516,28097
3163,67706,28328
3164,66673,27899
3165,66863,27857
3166,67567,28079
3167,67170,27701
3168,67025,28284
3169,67058,28008
3170,66953,28019
3171,67369,27274
3172,67481,28003
3173,67205,27631
3174,67400,28065
3175,67740,28001
3176,67284,27971
3177,67930,27923
3178,67742,28212
3179,67421,28095
3180,67120,28179
3181,68142,27877
3182,67607,28164
3183,67818,28382
3184,67297,28244
3185,67078,28465
3186,67664,28013
3187,68322,27963
3188,67742,28603
3189,67393,27832
3190,67368,27806
3191,67480,28947
3192,67966,28055
3193,67601,28189
3194,67904,28176
3195,67810,27787
3196,67887,27992
3197,67931,27566
3198,68323,28633
3199,68254,27991
3200,67911,28469
3201,68111,27957
3202,68173,28438
3203,67820,27830
3204,68147,28336
3205,68229,28307
3206,68158,28138
3207,68262,28293
3208,67692,27970
3209,68125,28152
3210,68388,28499
3211,68378,28798
3212,68074,28414
3213,68174,28244
3214,68627,28619
3215,68195,28833
3216,68387,28308
3217,68113,28534
3218,68135,28238
3219,68756,28363
3220,68412,28561
3221,68707,28431
3222,68584,28663
3223,68636,28556
3224,68894,28787
3225,68961,28630
3226,68590,28303
3227,68125,28236
3228,69088,28296
3229,69493,29028
3230,69040,28115
3231,68821,28260
3232,68781,28420
3233,68598,28359
3234,68573,28831
3235,68958,28606
3236,68845,28715
3237,68857,28545
3238,69424,28879
3239,68842,28771
3240,69041,28724
3241,68778,28552
3242,68749,28353
3243,69143,28678
3244,69347,29248
3245,69341,28896
3246,69519,28541
3247,68955,28674
3248,69265,28742
3249,69017,28969
3250,69331,28574
3251,68774,28608
3252,68906,28933
3253,69414,28707
3254,69034,28465
3255,69812,28571
3256,68639,29055
3257,68908,28959
3258,69761,29269
3259,68905,28417
3260,69682,28945
3261,69720,28444
3262,69113,28560
3263,69093,29087
3264,69253,29123
3265,69458,28587
3266,69091,28388
3267,69875,28998
3268,69563,29521
3269,69091,29493
3270,69403,28627
3271,68870,28672
3272,69066,29170
3273,70098,29029
3274,69453,28708
3275,69473,28796
3276,69853,28661
3277,69346,28680
3278,69596,28989
3279,70047,29414
3280,69756,29076
3281,69178,28803
3282,69677,29137
3283,69706,28918
3284,70421,28766
3285,70347,29109
3286,70077,28813
3287,70089,28911
3288,70280,28749
3289,70066,29310
3290,70159,29239
3291,70351,28924
3292,70283,29278
3293,70805,29142
3294,70017,29041
3295,70081,29386
3296,69978,28740
3297,70380,29059
3298,70377,29219
3299,70360,29079
3300,70802,29551
3301,70524,29380
3302,69999,29087
3303,70951,29246
3304,70315,29393
3305,70065,29358
3306,70708,29526
3307,70135,29385
3308,70605,28969
3309,70264,29456
3310,70693,29480
3311,70723,29442
3312,70798,29509
3313,70331,29378
3314,71581,29196
3315,70804,29623
3316,70972,29368
3317,70365,29376
3318,70655,29815
3319,69568,29266
3320,70954,28944
3321,71499,29852
3322,71669,29330
3323,71384,29434
3324,70964,29171
3325,70868,29663
3326,71184,29442
3327,70644,29434
3328,71229,29134
3329,70636,29385
3330,71138,29476
3331,71256,29047
3332,71128,29324
3333,71034,29181
3334,71567,29390
3335,71533,29496
3336,70891,29180
3337,71453,29026
3338,71779,29659
3339,71266,29801
3340,71233,29399
3341,71405,29566
3342,71173,29623
3343,71241,29652
3344,71503,29909
3345,71207,29463
3346,71617,29714
3347,71131,29608
3348,71858,29258
3349,71325,29026
3350,71467,29609
3351,71165,29372
3352,71266,29427
3353,71344,30380
3354,71793,29546
3355,71340,29449
3356,71303,29393
3357,72372,29639
3358,72225,29248
3359,71057,29790
3360,72016,29771
3361,72008,30072
3362,72315,29737
3363,71674,30027
3364,71724,30093
3365,72104,29733
3366,71833,29752
3367,71852,30007
3368,72067,29763
3369,72216,29811
3370,71963,29450
3371,72391,29800
3372,71586,29717
3373,72153,29643
3374,71757,29905
3375,72422,29901
3376,71752,29657
3377,72222,29876
3378,72581,29721
3379,72559,29937
3380,72036,29273
3381,72549,30168
3382,72618,29795
3383,72333,30026
3384,71575,29694
3385,71932,29954
3386,72050,30081
3387,72153,29865
3388,71344,30481
3389,73200,30062
3390,72656,29534
3391,72437,29500
3392,72822,29956
3393,72851,29941
3394,72679,29611
3395,73343,30192
3396,72278,30138
3397,73188,30134
3398,72908,30411
3399,72625,29779
3400,73108,29963
3401,73338,29302
3402,72764,30329
3403,73086,30081
3404,72250,30001
3405,72440,29987
3406,73136,30085
3407,73107,29703
3408,72788,30062
3409,73015,30012
3410,73332,29935
3411,73150,29976
3412,72921,30314
3413,73189,30191
3414,73196,30462
3415,72822,30392
3416,73156,30396
3417,73176,29510
3418,73637,29951
3419,73150,30495
3420,73426,30769
3421,73233,30085
3422,73056,30165
3423,73557,30352
3424,73103,29963
3425,73430,30414
3426,73242,30329
3427,73291,30612
3428,73527,30135
3429,72890,30237
3430,73190,30448
3431,73660,30514
3432,73780,30312
3433,73950,31011
3434,73424,30450
3435,73497,29716
3436,74226,30573
3437,73820,30140
3438,73276,30601
3439,73297,30506
3440,73682,30133
3441,74071,30375
3442,73441,30283
3443,74099,30353
3444,73350,30510
3445,74130,29936
3446,74421,30509
3447,74032,30676
3448,74001,30651
3449,73644,30367
3450,73944,30553
3451,73785,30302
3452,74277,30168
3453,72988,30838
3454,73360,30415
3455,74049,30603
3456,73829,30488
3457,74482,30675
3458,74643,30652
3459,73320,31038
3460,74350,30290
3461,74445,30541
3462,73823,30748
3463,73848,30236
3464,74181,30734
3465,74464,30885
3466,74395,30441
3467,74122,30402
3468,74710,30976
3469,74467,30542
3470,74845,30302
3471,74154,30715
3472,73768,30610
3473,74465,30814
3474,74695,30935
3475,75569,30669
3476,74414,30345
3477,74444,31097
3478,74263,30716
3479,74849,31236
3480,74166,31074
3481,74717,30852
3482,74458,30733
3483,75028,31114
3484,74233,30582
3485,74924,30983
3486,74450,31063
3487,74533,30801
3488,74423,30646
3489,74701,31212
3490,74883,30514
3491,74870,30777
3492,75519,30867
3493,74798,30614
3494,74990,30934
3495,75126,30731
3496,74546,30763
3497,75502,31005
3498,75062,31293
3499,75317,31371
3500,75102,30908
3501,75127,31213
3502,75397,30797
3503,75291,31018
3504,74595,31089
3505,75383,30848
3506,75348,31024
3507,75374,30951
3508,75322,31488
3509,74971,31014
3510,75422,31246
3511,75315,31401
3512,75385,30520
3513,75682,31351
3514,75487,30948
3515,74951,31236
3516,76451,30598
3517,75682,30823
3518,75399,31205
3519,75600,31427
3520,75610,31219
3521,75377,31350
3522,75499,31065
3523,75582,30719
3524,75401,30676
3525,75559,31362
3526,75531,30768
3527,75795,31126
3528,76165,31207
3529,76074,31366
3530,75765,31278
3531,75744,31133
3532,75852,31432
3533,76439,31245
3534,76552,31583
3535,75743,31772
3536,76012,31936
3537,76538,31520
3538,75767,31393
3539,75785,31096
3540,76270,31487
3541,75757,31372
3542,76619,31543
3543,76301,31287
3544,76889,31498
3545,75586,31015
3546,75581,31635
3547,76064,30656
3548,76001,31564
3549,76375,31422
3550,76418,31047
3551,76777,31128
3552,76515,31348
3553,76505,31567
3554,76587,31400
3555,76302,31608
3556,76637,31705
3557,76707,31383
3558,76495,31118
3559,76366,31671
3560,76630,31887
3561,77375,32024
3562,76829,30953
3563,76927,31084
3564,75911,31450
3565,77033,31183
3566,76151,31108
3567,76822,31786
3568,76668,31157
3569,76849,31601
3570,76906,31565
3571,76343,31292
3572,77157,31445
3573,77317,31006
3574,76687,32029
3575,76551,31914
3576,77138,31708
3577,77148,32084
3578,76087,31575
3579,77471,31863
3580,77456,31432
3581,77099,31257
3582,76790,31415
3583,77161,31792
3584,77080,31613
3585,77043,32113
3586,76799,31409
3587,76489,31660
3588,77367,31674
3589,77667,31754
3590,76856,31910
3591,77414,31581
3592,77951,31887
3593,77956,32109
3594,77641,31538
3595,77721,31695
3596,77733,32181
3597,77771,31818
3598,77517,31216
3599,78394,32317
3600,77608,31577
3601,77995,31809
3602,77373,31460
3603,77429,32029
3604,77782,32023
3605,77298,32210
3606,78173,31987
3607,77723,31861
3608,78258,31752
3609,77555,32060
3610,77853,32352
3611,78112,31899
3612,78183,32080
3613,78551,31695
3614,78038,32048
3615,77747,32008
3616,78218,31607
3617,77182,31860
3618,78065,31858
3619,79453,32324
3620,78384,32063
3621,77912,32011
3622,77826,31847
3623,77781,32137
3624,78355,31909
3625,78060,31694
3626,77961,31634
3627,77638,32018
3628,78539,32166
3629,77621,32255
3630,78157,32047
3631,78428,31859
3632,78321,31990
3633,77791,31726
3634,78371,32453
3635,78680,32268
3636,78387,32131
3637,78570,31840
3638,78332,32576
3639,78581,32136
3640,78999,31677
3641,78115,31973
3642,78357,32175
3643,78479,32123
3644,78509,32369
3645,78337,32562
3646,78367,31558
3647,79104,31862
3648,78237,31710
3649,78717,31796
3650,79102,32690
3651,78521,32294
3652,79423,32568
3653,78681,32290
3654,78884,32243
3655,78936,32341
3656,78917,32725
3657,79541,32390
3658,78130,32416
3659,78726,32567
3660,79529,32293
3661,78622,32828
3662,78691,32418
3663,79452,32466
3664,78569,32158
3665,79066,32001
3666,79244,32714
3667,79706,32974
3668,79491,32749
3669,79298,32461
3670,80081,32644
3671,79216,32161
3672,79679,32859
3673,79453,32964
3674,79289,32930
3675,79655,32424
3676,79380,32557
3677,79531,32543
3678,78834,32952
3679,79035,32181
3680,79626,32484
3681,79523,32452
3682,80061,32753
3683,79603,32887
3684,79595,32300
3685,79231,32492
3686,79903,33089
3687,79244,33103
3688,79282,32462
3689,79543,32706
3690,79207,32626
3691,80188,32049
3692,79434,32499
3693,79965,32987
3694,79483,32858
3695,79917,33053
3696,79998,32231
3697,79751,33167
3698,79804,32592
3699,79222,32462
3700,79542,32356
3701,79856,32857
3702,80077,33331
3703,80095,32361
3704,80242,32938
3705,80390,31895
3706,79700,32729
3707,80243,32803
3708,79951,32591
3709,79922,32898
3710,79923,32562
3711,79875,32994
3712,79744,33179
3713,79760,32709
3714,80390,32372
3715,80352,32876
3716,80260,32955
3717,80067,32566
3718,80838,32836
3719,81302,33389
3720,80070,32470
3721,80853,32866
3722,80694,32738
3723,80947,32940
3724,80255,33461
3725,80060,32867
3726,80457,33607
3727,80572,32848
3728,80030,33146
3729,80799,32486
3730,80992,33038
3731,80447,32403
3732,80796,33091
3733,81058,33162
3734,80554,33073
3735,80140,33203
3736,80858,33172
3737,81464,33392
3738,81617,32849
3739,80286,33106
3740,80985,33470
3741,80790,33203
3742,81486,33177
3743,80364,33149
3744,80510,33037
3745,80538,32877
3746,80593,33024
3747,80780,32850
3748,80588,33134
3749,81045,33001
3750,80684,32892
3751,80804,33103
3752,80746,32645
3753,81165,33241
3754,81605,33221
3755,81901,33150
3756,81085,33684
3757,80856,33397
3758,81762,33198
3759,81698,32656
3760,80973,33165
3761,80990,33060
3762,81264,33193
3763,81717,33225
3764,81587,33377
3765,81399,33385
3766,82048,33013
3767,81750,33061
3768,81351,33378
3769,82104,33431
3770,81692,32953
3771,81581,32897
3772,81011,33455
3773,81752,33592
3774,81892,33193
3775,81617,33057
3776,81862,33489
3777,80985,33386
3778,80989,33226
3779,81700,33460
3780,81398,33312
3781,81593,33099
3782,82590,33053
3783,82030,33414
3784,81624,33753
3785,81843,33705
3786,81681,33981
3787,82658,33523
3788,81972,32881
3789,82346,33433
3790,82415,33666
3791,82183,33687
3792,81844,33547
3793,82096,33782
3794,82103,33718
3795,81614,33401
3796,82339,33760
3797,82813,33279
3798,83011,33860
3799,81906,32982
3800,82913,33549
3801,82755,33655
3802,82392,33671
3803,82516,33219
3804,82565,33383
3805,81979,33612
3806,82821,33629
3807,82125,33751
3808,82077,33718
3809,82302,33531
3810,82639,34042
3811,82637,33283
3812,82741,33804
3813,82581,33694
3814,83286,33266
3815,82318,33665
3816,83391,34237
3817,82277,33535
3818,82381,33973
3819,82409,33678
3820,82575,33897
3821,83500,34014
3822,82424,33666
3823,82502,33762
3824,83124,34206
3825,82823,33850
3826,82322,33517
3827,83206,34287
3828,83566,33832
3829,83052,33825
3830,82543,33769
3831,83275,33948
3832,82586,34011
3833,82425,33754
3834,83456,33774
3835,83159,33586
3836,83806,33871
3837,82748,33819
3838,83392,34109
3839,83148,33902
3840,83105,33966
3841,83702,33361
3842,83690,33554
3843,83144,33634
3844,82692,33927
3845,82862,33979
3846,83684,34182
3847,83238,33985
3848,83516,33977
3849,83853,33785
3850,84121,34142
3851,83591,33978
3852,83532,34298
3853,83514,34178
3854,83399,33933
3855,84019,34030
3856,83611,34377
3857,84049,34043
3858,83838,34001
3859,83887,34027
3860,83283,33386
3861,84098,33729
3862,84037,33964
3863,83888,34372
3864,84238,34101
3865,84176,34533
3866,84063,33982
3867,83244,34056
3868,83920,34020
3869,83880,34209
3870,84268,34684
3871,84178,34222
3872,84269,34284
3873,83738,34252
3874,84748,34023
3875,84469,34441
3876,83392,34484
3877,83668,34367
3878,84273,34511
3879,84343,34113
3880,84157,34322
3881,84968,34103
3882,84596,34796
3883,83678,34503
3884,84213,34061
3885,83999,34693
3886,83939,34528
3887,84002,34186
3888,84622,34669
3889,84576,34313
3890,84385,34206
3891,84930,34715
3892,84241,34856
3893,84496,34345
3894,84456,34260
3895,84127,34467
3896,84350,34111
3897,85105,34288
3898,85106,34583
3899,84289,34799
3900,85237,34066
3901,85192,34251
3902,84576,34703
3903,84997,34673
3904,85637,34663
3905,84810,34484
3906,84876,34653
3907,85787,34307
3908,84430,34456
3909,84265,34737
3910,84512,35159
3911,84955,34581
3912,85224,34721
3913,84876,34256
3914,85092,35108
3915,84934,34737
3916,84998,34765
3917,85383,34507
3918,84784,35158
3919,85816,35133
3920,84891,34326
3921,84682,34359
3922,86090,34551
3923,85728,35071
3924,85310,34416
3925,85401,34244
3926,86176,34700
3927,85173,35162
3928,85360,34684
3929,84498,34723
3930,85771,34898
3931,85312,34862
3932,85631,34783
3933,85980,34651
3934,85355,34424
3935,84899,34532
3936,85219,34382
3937,86101,34472
3938,86013,34656
3939,86250,34987
3940,85886,34540
3941,85232,34612
3942,85748,34359
3943,85813,35189
3944,85852,35214
3945,85861,34352
3946,85793,34804
3947,85155,35032
3948,85997,35090
3949,85497,34669
3950,85692,34944
3951,85940,34879
3952,86124,34908
3953,85423,34343
3954,86059,35078
3955,85617,34788
3956,86267,35348
3957,85497,34873
3958,85973,34935
3959,86123,34803
3960,87298,34762
3961,85989,35185
3962,86546,34985
3963,85816,34599
3964,86462,35723
3965,86695,35364
3966,86260,35299
3967,86439,35225
3968,86075,35240
3969,86057,35380
3970,86631,35240
3971,86136,33910
3972,86075,35078
3973,86461,35263
3974,86557,35079
3975,86313,35030
3976,86379,34890
3977,86879,35478
3978,86863,35520
3979,86276,35119
3980,87187,35152
3981,86546,34850
3982,86148,35358
3983,86575,34890
3984,86208,34847
3985,86845,35215
3986,87098,35199
3987,86545,34870
3988,87152,35381
3989,87093,35135
3990,86388,35042
3991,86910,35418
3992,86812,35095
3993,87046,35468
3994,86726,35030
3995,87038,35589
3996,86296,35027
3997,87437,35506
3998,86951,34900
3999,86913,35339
4000,87173,35333
4001,87683,36027
4002,86927,35206
4003,86822,35290
4004,86797,35636
4005,86880,35422
4006,87244,34811
4007,87043,35070
4008,86843,34956
4009,87338,35566
4010,86984,35634
4011,87238,35630
4012,87276,35390
4013,87399,35779
4014,87133,35332
4015,87855,35381
4016,87647,35620
4017,87240,35202
4018,87168,35460
4019,87438,35453
4020,87609,35601
4021,87233,35602
4022,88138,35420
4023,88066,35523
4024,87318,35280
4025,87528,35360
4026,87822,35692
4027,88253,35590
4028,87763,35621
4029,87755,35932
4030,87376,35661
4031,87971,35556
4032,87805,35765
4033,87635,35825
4034,87062,35405
4035,87342,35802
4036,87837,35577
4037,87404,35527
4038,88415,36009
4039,87780,35244
4040,88590,35361
4041,87902,35948
4042,88264,35695
4043,88309,35854
4044,87731,35700
4045,87720,36039
4046,88151,35785
4047,88137,35356
4048,88949,35866
4049,88064,35498
4050,87550,35383
4051,88061,36041
4052,88456,35517
4053,88709,36111
4054,88707,36149
4055,87793,35894
4056,88077,35806
4057,88411,36185
4058,88636,36157
4059,89145,36410
4060,88275,35651
4061,88005,36278
4062,88633,35828
4063,88134,36223
4064,88611,36524
4065,88915,36190
4066,88407,36319
4067,89352,36101
4068,89027,36295
4069,88329,35695
4070,88692,36067
4071,89450,36520
4072,89159,35906
4073,89080,36306
4074,88403,36517
4075,88857,35609
4076,88727,36290
4077,88431,35563
4078,89406,35732
4079,88926,36599
4080,88917,36417
4081,88627,36200
4082,89569,36454
4083,88920,35859
4084,89424,36219
4085,89024,36010
4086,88753,36214
4087,89351,36290
4088,89191,35765
4089,89116,36155
4090,89459,36468
4091,89555,35981
4092,88672,35768
4093,89187,35983
4094,89665,36602
4095,89333,35990
4096,89355,36228
4097,90120,36457
4098,90005,36378
4099,89611,36688
4100,89261,36477
4101,89264,35992
4102,89778,36258
4103,88987,37214
4104,89228,36195
4105,89762,35872
4106,89132,36535
4107,90060,36248
4108,89926,35997
4109,89752,36343
4110,89433,36256
4111,89582,36357
4112,89900,36400
4113,89615,36033
4114,89376,36323
4115,89499,36176
4116,89982,36007
4117,89684,36058
4118,89308,36570
4119,90538,36240
4120,89223,36678
4121,89969,36551
4122,90286,36297
4123,89713,36532
4124,90578,36516
4125,90686,36324
4126,89641,36480
4127,89599,36274
4128,90008,36166
4129,90169,36775
4130,90300,36369
4131,91365,36206
4132,90149,36175
4133,90409,36535
4134,89709,36319
4135,89899,36757
4136,90747,36215
4137,90600,35926
4138,90146,36478
4139,90521,36574
4140,90388,36560
4141,89935,36400
4142,90966,35984
4143,90412,36351
4144,91086,36968
4145,90737,36733
4146,90447,36624
4147,90477,36511
4148,90628,36753
4149,90266,36314
4150,91197,36520
4151,91257,36650
4152,90705,36617
4153,91455,36617
4154,90535,36797
4155,90725,36881
4156,90783,36925
4157,91489,37278
4158,91833,37029
4159,91503,36761
4160,91315,37102
4161,90573,36995
4162,90345,36726
4163,91349,37069
4164,90394,36324
4165,91539,36613
4166,91105,37190
4167,91263,36913
4168,91689,36975
4169,91090,36704
4170,91186,36910
4171,91574,36772
4172,91567,36444
4173,91512,37324
4174,92365,36436
4175,91046,37302
4176,90853,37096
4177,91649,36424
4178,91511,36287
4179,91914,37053
4180,91518,36631
4181,90908,36660
4182,90633,36800
4183,91501,37141
4184,91360,36977
4185,91866,36763
4186,91099,36653
4187,92220,37227
4188,91292,36790
4189,91484,36969
4190,91512,37495
4191,91719,37106
4192,92170,36822
4193,92254,36831
4194,91422,36760
4195,92210,37103
4196,91813,36754
4197,91513,37052
4198,91166,37030
4199,92403,37178
4200,91937,36715
4201,91890,37029
4202,91594,37074
4203,92159,36767
4204,92221,36812
4205,92408,37027
4206,91792,36390
4207,91457,36887
4208,91852,37726
4209,92745,36779
4210,92436,36491
4211,92802,37271
4212,92010,37515
4213,92487,37397
4214,92116,37745
4215,92177,37181
4216,92736,37278
4217,92105,36579
4218,92249,36762
4219,92525,36503
4220,91935,37066
4221,92129,37044
4222,92938,37232
4223,92314,37058
4224,92062,37183
4225,91932,37683
4226,92951,37763
4227,92228,37409
4228,92507,37336
4229,92651,37201
4230,92241,37214
4231,93157,37546
4232,92685,37453
4233,93020,37126
4234,92163,37550
4235,92850,37201
4236,92057,37054
4237,92755,37644
4238,92955,37202
4239,92308,37367
4240,92951,37584
4241,93007,37125
4242,92828,37323
4243,92846,37065
4244,92539,36977
4245,92675,37833
4246,93343,38152
4247,93336,36993
4248,92821,38114
4249,93532,37062
4250,92601,37501
4251,92834,37530
4252,93024,37969
4253,93388,37787
4254,93430,37892
4255,93119,37472
4256,93534,37620
4257,93241,38296
4258,92881,37300
4259,93411,38058
4260,93096,37433
4261,92912,37540
4262,93446,38006
4263,92672,37885
4264,93845,37309
4265,93651,38249
4266,93278,37846
4267,93481,38004
4268,93817,37433
4269,94627,37624
4270,93350,38062
4271,93124,38393
4272,93676,37790
4273,93667,37225
4274,93229,37743
4275,93395,38075
4276,93801,37572
4277,94148,38103
4278,93492,37963
4279,93714,38295
4280,93725,37554
4281,93335,38101
4282,93964,37961
4283,93684,37710
4284,93662,37945
4285,94608,37992
4286,93267,37770
4287,93803,37870
4288,93885,38072
4289,93959,37838
4290,94493,37965
4291,94306,37591
4292,94077,38468
4293,94152,37706
4294,94419,38348
4295,94434,37995
4296,94004,37896
4297,94268,38625
4298,93858,38646
4299,94431,38163
4300,94479,38179
4301,94954,37915
4302,94729,38415
4303,94451,38256
4304,94826,37802
4305,94824,38486
4306,93855,37920
4307,94557,38032
4308,94930,38379
4309,94654,38754
4310,94387,37609
4311,94103,37825
4312,95105,38372
4313,95209,38497
4314,94581,38048
4315,94885,37802
4316,94593,37921
4317,94858,38042
4318,95203,37987
4319,95079,37954
4320,95648,38433
4321,94465,38078
4322,94816,38264
4323,94298,37866
4324,94793,38465
4325,94710,38507
4326,94933,38394
4327,94830,38329
4328,94792,38392
4329,95007,38513
4330,94915,38495
4331,95607,38323
4332,94853,38091
4333,95404,38923
4334,95538,38300
4335,95460,38226
4336,95395,38305
4337,95902,38404
4338,95251,38075
4339,95354,38291
4340,94960,38493
4341,94531,37966
4342,95071,38014
4343,94901,38505
4344,95346,38886
4345,95566,38603
4346,95112,38740
4347,94956,38187
4348,95996,37971
4349,95315,38110
4350,95301,38880
4351,95760,38084
4352,95806,38838
4353,94683,38463
4354,96023,38284
4355,95778,38675
4356,95986,38706
4357,96025,38632
4358,94883,38596
4359,95411,38436
4360,95301,38577
4361,95278,38599
4362,96059,38418
4363,95548,38603
4364,95774,38974
4365,95408,38843
4366,95989,39073
4367,95628,38885
4368,96297,38431
4369,95972,39058
4370,95652,38349
4371,95640,38594
4372,96163,38643
4373,96158,38349
4374,96062,39071
4375,96546,38597
4376,95877,38304
4377,96272,38837
4378,96180,38620
4379,96409,38716
4380,96368,38757
4381,96129,38979
4382,96019,39413
4383,96350,38848
4384,96604,38543
4385,96901,38783
4386,95880,38793
4387,96488,38704
4388,96598,38823
4389,96490,38780
4390,96701,39272
4391,96828,38826
4392,96652,38724
4393,96267,39099
4394,96471,38640
4395,97193,39158
4396,95784,39163
4397,96496,38990
4398,96266,38780
4399,96596,38777
4400,96635,38853
4401,96496,38907
4402,96796,39652
4403,97332,38908
4404,96941,39165
4405,96812,38937
4406,96392,38998
4407,97782,39301
4408,97835,39310
4409,97110,39522
4410,96547,39334
4411,96401,38939
4412,97263,39178
4413,97103,39023
4414,97560,39010
4415,96400,39234
4416,97000,39480
4417,96554,39119
4418,96827,38870
4419,97430,39183
4420,97106,38889
4421,97403,39064
4422,97564,39013
4423,96531,39656
4424,97717,39308
4425,97009,38639
4426,97257,39649
4427,97359,39469
4428,97206,39430
4429,96602,38937
4430,97433,38989
4431,97885,39448
4432,97079,39018
4433,97735,39177
4434,96986,38720
4435,97580,39413
4436,97966,39619
4437,97756,40003
4438,97581,39426
4439,98091,39251
4440,97975,39245
4441,97478,39596
4442,98214,39121
4443,97715,38541
4444,98166,39333
4445,97949,39030
4446,97969,39591
4447,97958,39022
4448,97942,39280
4449,98522,39196
4450,98173,38932
4451,98152,39291
4452,98178,39580
4453,97642,39208
4454,97132,39409
4455,97977,39726
4456,98041,39288
4457,98336,38821
4458,98286,39346
4459,97385,39589
4460,98577,39340
4461,97111,39400
4462,98812,39962
4463,98717,39213
4464,97887,39369
4465,97946,39818
4466,99446,39831
4467,98950,39110
4468,98595,39823
4469,98493,39001
4470,98529,39345
4471,98917,39226
4472,99092,39394
4473,98244,39534
4474,98764,39703
4475,98163,39794
4476,98432,39076
4477,98199,39709
4478,99119,39821
4479,99074,39300
4480,99000,39653
4481,99360,39801
4482,98242,39675
4483,97912,39533
4484,99338,39851
4485,98855,40177
4486,98514,39937
4487,98631,39518
4488,98722,40007
4489,99685,39641
4490,98770,39659
4491,99209,39865
4492,99921,39771
4493,99006,39465
4494,98698,39280
4495,99059,39339
4496,98733,39706
4497,98790,40285
4498,99495,39480
4499,99186,40404
4500,99807,39759
4501,99482,40096
4502,98589,39560
4503,99385,39513
4504,98458,39950
4505,99062,39655
4506,98948,39589
4507,99840,39682
4508,99196,39882
4509,99188,40069
4510,98487,39853
4511,99904,39742
4512,99612,39590
4513,99447,39753
4514,99750,40281
4515,99469,40094
4516,98944,39465
4517,99978,39739
4518,99984,40172
4519,100111,39703
4520,100358,39172
4521,99580,39985
4522,98941,39717
4523,99017,39662
4524,99491,39582
4525,100596,39942
4526,99433,39651
4527,100209,39909
4528,99820,39579
4529,100916,40016
4530,100083,40073
4531,99695,40093
4532,99917,39558
4533,100348,40263
4534,100149,40400
4535,99633,39917
4536,100171,39851
4537,99676,40019
4538,100033,40055
4539,99870,40252
4540,100325,40410
4541,99830,39946
4542,100220,39886
4543,100295,39917
4544,99842,40674
4545,101126,40531
4546,99278,40127
4547,100303,40161
4548,100536,40297
4549,100234,39888
4550,100363,40704
4551,100723,40247
4552,99738,40382
4553,100849,40503
4554,99906,39732
4555,100253,40746
4556,100506,40160
4557,100833,40902
4558,100936,40464
4559,100895,40448
4560,99759,40581
4561,100395,40334
4562,100409,40001
4563,101193,40555
4564,100621,40527
4565,101010,40980
4566,100630,40447
4567,100424,40367
4568,100609,40079
4569,101234,40258
4570,100257,40479
4571,100645,40500
4572,101597,40566
4573,100752,40127
4574,101116,40521
4575,101277,40223
4576,102053,40393
4577,100523,40320
4578,100959,41017
4579,101634,40797
4580,101149,40225
4581,101442,40260
4582,101054,40759
4583,101561,40048
4584,101032,40703
4585,101059,40776
4586,101811,40362
4587,101850,40387
4588,101003,40790
4589,100372,40662
4590,101334,40395
4591,101330,40505
4592,101027,40755
4593,101302,40850
4594,101210,40858
4595,101384,40728
4596,101536,40475
4597,101020,40643
4598,101427,40958
4599,100990,40917
4600,101885,40069
4601,101887,40550
4602,101373,41319
4603,102050,40637
4604,101412,40903
4605,101485,40901
4606,102159,40988
4607,101886,40822
4608,101608,40675
4609,102125,40383
4610,102465,40885
4611,102083,40430
4612,101186,40857
4613,101544,40462
4614,102610,40991
4615,101804,41324
4616,101823,40464
4617,101525,41220
4618,102625,40696
4619,102359,40972
4620,102190,40810
4621,102385,41376
4622,102115,40459
4623,101937,40664
4624,102567,40781
4625,102759,40972
4626,103038,40839
4627,101842,40870
4628,101743,40638
4629,102407,40633
4630,103278,40898
4631,102168,41519
4632,101877,40838
4633,102883,41147
4634,102512,40858
4635,102668,40615
4636,102263,40744
4637,102703,41506
4638,102680,40623
4639,102549,40698
4640,101988,40783
4641,102621,40884
4642,102429,40587
4643,102615,41242
4644,103286,41953
4645,102497,41178
4646,103507,41395
4647,102975,41108
4648,102095,41228
4649,102601,40777
4650,102929,41305
4651,102022,40547
4652,102270,41173
4653,103346,40926
4654,103424,40841
4655,102883,40735
4656,103011,41401
4657,103346,41263
4658,103588,41478
4659,102467,41039
4660,102611,41522
4661,102692,40886
4662,103573,41498
4663,102917,41138
4664,103516,41664
4665,103429,41387
4666,102325,40884
4667,102552,41199
4668,103189,41141
4669,103439,41612
4670,103189,41268
4671,103089,41236
4672,103507,41355
4673,103813,41557
4674,103148,41176
4675,103367,40967
4676,103946,41268
4677,103112,41564
4678,103789,41368
4679,103392,41045
4680,103423,41002
4681,103061,41322
4682,103590,41894
4683,104581,41831
4684,102978,41302
4685,103255,41739
4686,102820,41050
4687,103693,41122
4688,103347,41680
4689,104288,41631
4690,103887,41049
4691,103754,41672
4692,104391,41829
4693,103915,41791
4694,103487,42356
4695,104404,42209
4696,104213,41028
4697,104134,41487
4698,104601,41381
4699,104095,41161
4700,103555,41647
4701,103982,41462
4702,104342,41354
4703,104731,40841
4704,104206,42037
4705,103409,42018
4706,104059,41570
4707,104725,41801
4708,103547,41927
4709,104173,41802
4710,104746,41549
4711,105039,41756
4712,104905,42132
4713,103668,41691
4714,104779,42435
4715,104334,42096
4716,104496,41375
4717,104780,41426
4718,104017,42116
4719,104085,41512
4720,104966,41668
4721,104488,41475
4722,104692,41774
4723,104689,41314
4724,104254,41285
4725,104782,42123
4726,104455,41902
4727,103507,42160
4728,104593,41649
4729,105141,41845
4730,104847,41693
4731,104940,41932
4732,105604,41768
4733,104913,41837
4734,104250,42266
4735,104589,41566
4736,104505,41369
4737,104591,42260
4738,105466,42061
4739,104600,41847
4740,105353,42156
4741,105562,41945
4742,104332,42009
4743,105406,42263
4744,105240,41511
4745,105421,42286
4746,104950,42077
4747,104336,41325
4748,104804,42189
4749,105860,42433
4750,105369,41791
4751,105143,42003
4752,105556,41647
4753,105493,42048
4754,105551,41687
4755,104870,41756
4756,105685,42620
4757,105612,41299
4758,104918,42162
4759,106015,42452
4760,104878,42109
4761,105200,42013
4762,105130,42345
4763,106045,41979
4764,105701,41658
4765,106217,42704
4766,105411,42106
4767,105317,42642
4768,106081,41850
4769,105689,42056
4770,106112,42344
4771,105163,42054
4772,105832,41930
4773,106022,42204
4774,105615,41896
4775,106139,41897
4776,105309,41977
4777,106023,42308
4778,106957,42560
4779,106028,42126
4780,105648,42376
4781,106109,42606
4782,106384,42668
4783,105819,42273
4784,105608,42093
4785,105486,42437
4786,106423,42225
4787,106456,42083
4788,106374,42400
4789,106289,42131
4790,107186,42647
4791,105973,42487
4792,105944,42391
4793,106490,42062
4794,105672,42470
4795,105831,41908
4796,106613,42138
4797,106685,42497
4798,105941,42760
4799,106274,42411
4800,106867,42251
4801,106763,42502
4802,107074,42505
4803,107058,42792
4804,105719,43194
4805,105864,42633
4806,106506,42230
4807,106958,42211
4808,106560,42772
4809,106187,41945
4810,107459,42251
4811,106614,42662
4812,106926,42701
4813,106148,42643
4814,106667,42687
4815,106575,42373
4816,107323,42665
4817,106278,42063
4818,107161,42586
4819,106496,42572
4820,107924,42449
4821,107135,42756
4822,106548,42809
4823,106556,42806
4824,106897,42621
4825,106997,42713
4826,107210,42705
4827,107225,42886
4828,107133,42586
4829,107402,42392
4830,107366,42583
4831,106633,42476
4832,107105,43043
4833,107023,42472
4834,106545,42758
4835,107384,42736
4836,107150,43540
4837,106908,42584
4838,106727,43177
4839,107711,42672
4840,107177,43042
4841,107838,43190
4842,107395,43299
4843,107142,42804
4844,107278,43638
4845,108492,43085
4846,108411,42931
4847,107736,42693
4848,107820,43104
4849,107847,43346
4850,107057,42779
4851,107385,43072
4852,107564,43246
4853,107841,42715
4854,107712,42990
4855,107908,42815
4856,107735,42641
4857,107577,43183
4858,107563,43295
4859,108299,42777
4860,108363,43067
4861,107986,42810
4862,107830,42637
4863,108162,42933
4864,108440,42834
4865,107848,42256
4866,108206,43077
4867,107864,43160
4868,107681,42549
4869,107806,42853
4870,108924,42751
4871,108954,43325
4872,108405,43332
4873,108390,43206
4874,108028,43427
4875,108428,43185
4876,108787,43141
4877,108861,42701
4878,107512,43247
4879,108256,42623
4880,107816,43587
4881,108605,43708
4882,108988,42891
4883,108567,43255
4884,108691,43263
4885,107738,43074
4886,108264,43023
4887,108459,43350
4888,109031,43132
4889,108636,43233
4890,108805,43426
4891,108458,43626
4892,108585,43487
4893,108076,43342
4894,109131,43576
4895,108479,43466
4896,108734,43083
4897,109396,43177
4898,108578,43560
4899,108563,43098
4900,109173,42602
4901,108130,43229
4902,109182,43639
4903,108848,43009
4904,108980,42978
4905,109528,43666
4906,108554,43436
4907,109068,43718
4908,108936,43700
4909,109335,43077
4910,108368,43308
4911,109328,42774
4912,109088,43864
4913,108454,43223
4914,110186,43217
4915,109660,43888
4916,109029,42904
4917,110442,43569
4918,109060,43011
4919,108832,43450
4920,109084,43311
4921,109066,43550
4922,109182,43702
4923,109325,43871
4924,109163,43455
4925,110364,43462
4926,109599,43355
4927,109604,43629
4928,109502,43265
4929,109578,43529
4930,109271,43403
4931,109824,43330
4932,109733,43801
4933,109348,43455
4934,109497,43277
4935,109409,43359
4936,110155,44007
4937,109815,43509
4938,109907,43731
4939,109190,43569
4940,109729,44077
4941,109755,43908
4942,110171,43977
4943,110264,44144
4944,110154,43819
4945,110048,43399
4946,110469,43325
4947,110083,43411
4948,110706,43952
4949,110517,43539
4950,110069,43726
4951,110515,43970
4952,109481,43567
4953,110468,44145
4954,109997,43755
4955,111157,44030
4956,109954,43862
4957,110556,43595
4958,110558,43961
4959,110212,43789
4960,110080,43296
4961,110351,43786
4962,110180,44410
4963,110098,43593
4964,110662,44656
4965,110483,43329
4966,110998,43915
4967,110819,43785
4968,110246,43973
4969,111097,44410
4970,111823,43703
4971,110904,43920
4972,110516,44231
4973,110629,43393
4974,110539,43704
4975,111193,43759
4976,110524,44355
4977,111051,43863
4978,110361,43733
4979,111442,44042
4980,110470,44162
4981,110712,44851
4982,111338,43925
4983,111107,44097
4984,110799,43620
4985,111080,44098
4986,111243,44320
4987,111323,44403
4988,110724,44125
4989,111256,44337
4990,110904,44616
4991,111298,44167
4992,110999,44090
4993,110919,43513
4994,111377,44314
4995,110549,44236
4996,111116,44106
4997,111670,44676
4998,110571,44262
4999,112262,44076
5000,110929,44144
5001,111937,44209
5002,112027,44486
5003,111849,44018
5004,111033,44392
5005,111211,44075
5006,110814,44588
5007,111714,44177
5008,112315,44419
5009,111324,44066
5010,111592,44025
5011,111174,44581
5012,111657,44537
5013,112185,44354
5014,111756,44523
5015,112356,43922
5016,110927,44927
5017,111557,45085
5018,112051,44647
5019,111507,44629
5020,111764,44474
5021,112420,44418
5022,111712,44346
5023,111892,44130
5024,112120,44698
5025,111761,44186
5026,111313,44241
5027,112242,43883
5028,112441,44384
5029,111986,44927
5030,112611,44215
5031,111935,44191
5032,111687,44323
5033,113010,43900
5034,111879,44189
5035,112461,44926
5036,111379,44024
5037,112513,44777
5038,112677,44312
5039,111629,44555
5040,112175,44173
5041,112205,44959
5042,112338,44721
5043,112780,44643
5044,111896,45024
5045,112636,44666
5046,111904,44135
5047,112332,44942
5048,112375,44724
5049,112091,44739
5050,113247,44325
5051,113385,44527
5052,112277,44537
5053,114656,44796
5054,112498,44609
5055,111680,44578
5056,112479,45083
5057,112730,44915
5058,112320,45180
5059,112974,44443
5060,112848,44821
5061,112229,44733
5062,113204,44725
5063,113035,44752
5064,113771,45359
5065,113639,44711
5066,112626,44982
5067,112716,44711
5068,113077,45028
5069,112932,45158
5070,113312,44869
5071,112738,44917
5072,113476,44722
5073,113207,44626
5074,113559,45171
5075,112949,45155
5076,112997,45453
5077,113664,45712
5078,113382,44820
5079,112201,44351
5080,113858,44713
5081,112961,44734
5082,113579,45069
5083,113237,45193
5084,114064,44859
5085,113361,45119
5086,113753,44695
5087,113290,45242
5088,113387,45232
5089,113981,45356
5090,113093,45029
5091,114585,44387
5092,113883,44817
5093,112836,45107
5094,112911,45368
5095,114086,45531
5096,114016,45119
5097,113173,45353
5098,114143,45213
5099,113819,45498
5100,113951,44477
5101,114191,44604
5102,114193,45535
5103,113803,45170
5104,114431,45332
5105,114042,44591
5106,114407,45555
5107,114346,44772
5108,114242,44761
5109,113549,45055
5110,114545,45518
5111,113650,45340
5112,114194,45622
5113,114192,44857
5114,114202,45353
5115,113620,45561
5116,113487,45294
5117,113737,44859
5118,114347,45451
5119,114395,45371
5120,114321,45303
5121,114230,45335
5122,114638,45214
5123,114594,44976
5124,115553,45091
5125,114927,45700
5126,114523,45934
5127,115116,44969
5128,114626,44931
5129,115345,45615
5130,113780,45660
5131,114456,45504
5132,114763,45055
5133,115256,45501
5134,114080,45765
5135,115073,45138
5136,113994,45519
5137,114906,45606
5138,114983,45130
5139,114237,45213
5140,114575,45415
5141,115201,45470
5142,113833,45631
5143,114687,45389
5144,114869,45842
5145,114788,45638
5146,114783,45492
5147,115598,45813
5148,115151,45059
5149,114965,45372
5150,114279,45675
5151,114095,45495
5152,115546,45742
5153,114910,45816
5154,115580,45758
5155,114594,45520
5156,115375,45752
5157,115193,45918
5158,114538,45240
5159,115712,45355
5160,115647,45645
5161,115333,45936
5162,115762,45906
5163,115597,45420
5164,115278,45952
5165,115503,46062
5166,115505,45407
5167,115294,45542
5168,115524,45716
5169,115556,45705
5170,114687,46165
5171,116066,45656
5172,115848,45644
5173,115510,46022
5174,116293,45598
5175,115941,46054
5176,115184,46176
5177,115857,45655
5178,115761,46120
5179,115461,46067
5180,115572,45876
5181,115731,45723
5182,115487,46101
5183,115364,46160
5184,116161,45526
5185,116290,45809
5186,116845,45993
5187,116266,45553
5188,116249,45851
5189,115608,45923
5190,116548,45761
5191,116053,45783
5192,116657,46188
5193,115577,46437
5194,115988,45885
5195,115845,45909
5196,117009,46168
5197,116443,45848
5198,115247,46045
5199,116691,45981
5200,115779,45515
5201,115618,46746
5202,115683,46136
5203,116183,46209
5204,116561,46635
5205,116726,45976
5206,116187,46112
5207,116214,45445
5208,115953,46473
5209,116555,45660
5210,117514,46051
5211,115940,45781
5212,116560,46810
5213,117078,46216
5214,116345,45304
5215,116143,46170
5216,116261,46388
5217,116099,46446
5218,116983,46124
5219,116362,46029
5220,115999,46255
5221,116055,46139
5222,116370,46804
5223,116711,46304
5224,117120,46590
5225,116895,46615
5226,116777,46070
5227,116770,46537
5228,117422,46116
5229,116817,46057
5230,117061,46889
5231,117686,46373
5232,116734,46102
5233,117853,46698
5234,116488,46148
5235,116829,46185
5236,117715,46956
5237,117360,46300
5238,116851,46249
5239,117301,46938
5240,116434,46011
5241,116259,45619
5242,117087,46497
5243,117713,46078
5244,117513,46387
5245,117602,46321
5246,117093,46435
5247,117103,46152
5248,117293,46820
5249,117974,46339
5250,117991,46626
5251,117743,46277
5252,118227,46073
5253,118246,46436
5254,118000,46948
5255,117558,46593
5256,118119,46357
5257,117116,46430
5258,118371,46602
5259,118716,46315
5260,118985,46213
5261,117942,46059
5262,118215,46431
5263,117089,46419
5264,118430,47082
5265,118050,46715
5266,118263,46798
5267,118298,46953
5268,117142,46426
5269,118362,47074
5270,118531,47013
5271,118027,46571
5272,117496,46577
5273,117875,46770
5274,118208,46725
5275,118914,46235
5276,117475,46636
5277,118156,46662
5278,118054,46708
5279,117762,46143
5280,118214,46514
5281,117513,46041
5282,117828,47067
5283,117958,46534
5284,118034,46484
5285,119810,47068
5286,118063,47063
5287,118569,47042
5288,118659,46467
5289,118380,46409
5290,118290,46812
5291,117985,46647
5292,118759,47264
5293,118749,46741
5294,119384,47154
5295,118848,47111
5296,118053,46587
5297,117767,46529
5298,119217,46831
5299,119065,47408
5300,118576,46872
5301,119231,46622
5302,118974,46845
5303,119237,46876
5304,118006,46873
5305,118313,46945
5306,118814,47440
5307,119222,47218
5308,118923,46800
5309,118834,47161
5310,118882,46723
5311,119599,46510
5312,119032,46955
5313,118811,47360
5314,119560,47649
5315,118366,46540
5316,119184,47431
5317,118934,47082
5318,118907,47170
5319,118383,46177
5320,118937,47184
5321,118936,47091
5322,119416,47025
5323,119221,46535
5324,119018,47050
5325,119159,47028
5326,119746,47159
5327,119782,48140
5328,120301,46903
5329,119851,47451
5330,119703,47152
5331,120200,48161
5332,119624,46536
5333,119101,47517
5334,118808,46727
5335,119797,47742
5336,119175,46956
5337,119366,47538
5338,120297,47116
5339,119392,47058
5340,119341,47254
5341,119119,47378
5342,119897,47325
5343,120164,47153
5344,120118,47301
5345,119413,46843
5346,120496,47114
5347,120476,46818
5348,120103,46834
5349,120168,47374
5350,119952,47504
5351,120018,47000
5352,120177,46910
5353,119405,46957
5354,119941,47797
5355,120306,47759
5356,119630,47677
5357,121126,47530
5358,120777,47597
5359,120358,47586
5360,120013,47242
5361,119539,47890
5362,120336,47187
5363,120405,47132
5364,120570,47257
5365,120947,47681
5366,120044,48008
5367,121012,47372
5368,120425,47499
5369,120085,47823
5370,120115,47344
5371,119763,47337
5372,121239,48054
5373,120885,47122
5374,120876,47361
5375,120583,47694
5376,120734,47923
5377,120867,47260
5378,120849,46993
5379,120305,47488
5380,119882,48080
5381,120815,46983
5382,120603,47850
5383,120354,47573
5384,121750,47439
5385,120925,47638
5386,121252,47859
5387,120016,47632
5388,120921,47631
5389,121804,47619
5390,120760,48057
5391,120370,47599
5392,121459,47459
5393,121208,47682
5394,120632,48088
5395,120796,48062
5396,120283,46907
5397,121045,47600
5398,120751,47297
5399,121392,47896
5400,121912,48049
5401,120923,47325
5402,120683,47914
5403,120894,48193
5404,121090,47628
5405,121704,47409
5406,122510,48151
5407,121234,48357
5408,121534,47916
5409,122156,48303
5410,121197,48181
5411,121125,47929
5412,121477,48172
5413,121214,47784
5414,122178,47064
5415,121397,47649
5416,121559,48162
5417,121789,48607
5418,122111,47823
5419,121146,47969
5420,122108,48054
5421,121822,48227
5422,121570,47569
5423,121151,48252
5424,121799,48143
5425,121